,feature_name,nlog_p_0,nlog_p_1,nlog_p_2,nlog_p_3,nlog_p_4,nlog_p_5,Trait ID,Subset or Surface Protein,Full Subset Name,max_nlog_p
67,P4:1187,1.5429239464852621e-15,4.821637332766436e-17,17.726112259158764,12.917663318112089,2.4108186663832244e-15,-0.0,P4:1187,CD2+314-334-337+158b-,16+56-/CD2+314-334-337+158b-,17.726112259158764
77,P4:1429,1.5429239464852621e-15,4.821637332766436e-17,17.726112259158764,12.917663318112089,2.4108186663832244e-15,-0.0,P4:1429,314-334-337+,16+56-/314-334-337+,17.726112259158764
84,P4:1520,1.5429239464852621e-15,4.821637332766436e-17,17.726112259158764,12.917663318112089,2.4108186663832244e-15,-0.0,P4:1520,CD2+314-337+158a+,16+56-/CD2+314-337+158a+,17.726112259158764
83,P4:1519,1.5429239464852621e-15,4.821637332766436e-17,17.726112259158764,12.917663318112089,2.4108186663832244e-15,-0.0,P4:1519,314-337+158a+,16+56-/314-337+158a+,17.726112259158764
82,P4:1514,1.5429239464852621e-15,4.821637332766436e-17,17.726112259158764,12.917663318112089,2.4108186663832244e-15,-0.0,P4:1514,CD2+334-337+158a+,16+56-/CD2+334-337+158a+,17.726112259158764
81,P4:1511,1.5429239464852621e-15,4.821637332766436e-17,17.726112259158764,12.917663318112089,2.4108186663832244e-15,-0.0,P4:1511,CD2+314-334-337+158a+,16+56-/CD2+314-334-337+158a+,17.726112259158764
80,P4:1510,1.5429239464852621e-15,4.821637332766436e-17,17.726112259158764,12.917663318112089,2.4108186663832244e-15,-0.0,P4:1510,314-334-337+158a+,16+56-/314-334-337+158a+,17.726112259158764
78,P4:1430,1.5429239464852621e-15,4.821637332766436e-17,17.726112259158764,12.917663318112089,2.4108186663832244e-15,-0.0,P4:1430,CD2+314-334-337+,16+56-/CD2+314-334-337+,17.726112259158764
75,P4:1277,1.5429239464852621e-15,4.821637332766436e-17,17.726112259158764,12.917663318112089,2.4108186663832244e-15,-0.0,P4:1277,CD2+314-337+158a+158b-,16+56-/CD2+314-337+158a+158b-,17.726112259158764
156,P4:505,1.5429239464852621e-15,4.821637332766436e-17,17.726112259158764,12.917663318112089,2.4108186663832244e-15,-0.0,P4:505,314-334-337+158b-R7-,16+56-/314-334-337+158b-R7-,17.726112259158764
74,P4:1276,1.5429239464852621e-15,4.821637332766436e-17,17.726112259158764,12.917663318112089,2.4108186663832244e-15,-0.0,P4:1276,314-337+158a+158b-,16+56-/314-337+158a+158b-,17.726112259158764
73,P4:1271,1.5429239464852621e-15,4.821637332766436e-17,17.726112259158764,12.917663318112089,2.4108186663832244e-15,-0.0,P4:1271,CD2+334-337+158a+158b-,16+56-/CD2+334-337+158a+158b-,17.726112259158764
72,P4:1270,1.5429239464852621e-15,4.821637332766436e-17,17.726112259158764,12.917663318112089,2.4108186663832244e-15,-0.0,P4:1270,334-337+158a+158b-,16+56-/334-337+158a+158b-,17.726112259158764
71,P4:1268,1.5429239464852621e-15,4.821637332766436e-17,17.726112259158764,12.917663318112089,2.4108186663832244e-15,-0.0,P4:1268,CD2+314-334-337+158a+158b-,16+56-/CD2+314-334-337+158a+158b-,17.726112259158764
70,P4:1267,1.5429239464852621e-15,4.821637332766436e-17,17.726112259158764,12.917663318112089,2.4108186663832244e-15,-0.0,P4:1267,314-334-337+158a+158b-,16+56-/314-334-337+158a+158b-,17.726112259158764
66,P4:1186,1.5429239464852621e-15,4.821637332766436e-17,17.726112259158764,12.917663318112089,2.4108186663832244e-15,-0.0,P4:1186,314-334-337+158b-,16+56-/314-334-337+158b-,17.726112259158764
85,P4:204,1.5429239464852621e-15,4.821637332766436e-17,17.726112259158764,12.917663318112089,2.4108186663832244e-15,-0.0,P4:204,2+314-334-337+158a+158b-R7-,16+56-/2+314-334-337+158a+158b-R7-,17.726112259158764
157,P4:506,1.5429239464852621e-15,4.821637332766436e-17,17.726112259158764,12.917663318112089,2.4108186663832244e-15,-0.0,P4:506,CD2+314-334-337+158b-R7-,16+56-/CD2+314-334-337+158b-R7-,17.726112259158764
235,P4:733,1.5429239464852621e-15,4.821637332766436e-17,17.726112259158764,12.917663318112089,2.4108186663832244e-15,-0.0,P4:733,CD2+314-334-337+R7-,16+56-/CD2+314-334-337+R7-,17.726112259158764
239,P4:814,1.5429239464852621e-15,4.821637332766436e-17,17.726112259158764,12.917663318112089,2.4108186663832244e-15,-0.0,P4:814,CD2+314-334-337+158a+R7-,16+56-/CD2+314-334-337+158a+R7-,17.726112259158764
230,P4:579,1.5429239464852621e-15,4.821637332766436e-17,17.726112259158764,12.917663318112089,2.4108186663832244e-15,-0.0,P4:579,334-337+158a+158b-R7-,16+56-/334-337+158a+158b-R7-,17.726112259158764
229,P4:577,1.5429239464852621e-15,4.821637332766436e-17,17.726112259158764,12.917663318112089,2.4108186663832244e-15,-0.0,P4:577,314-334-337+158a+158b-R7-,16+56-/314-334-337+158a+158b-R7-,17.726112259158764
232,P4:583,1.5429239464852621e-15,4.821637332766436e-17,17.726112259158764,12.917663318112089,2.4108186663832244e-15,-0.0,P4:583,314-337+158a+158b-R7-,16+56-/314-337+158a+158b-R7-,17.726112259158764
233,P4:584,1.5429239464852621e-15,4.821637332766436e-17,17.726112259158764,12.917663318112089,2.4108186663832244e-15,-0.0,P4:584,CD2+314-337+158a+158b-R7-,16+56-/CD2+314-337+158a+158b-R7-,17.726112259158764
234,P4:732,1.5429239464852621e-15,4.821637332766436e-17,17.726112259158764,12.917663318112089,2.4108186663832244e-15,-0.0,P4:732,314-334-337+R7-,16+56-/314-334-337+R7-,17.726112259158764
238,P4:813,1.5429239464852621e-15,4.821637332766436e-17,17.726112259158764,12.917663318112089,2.4108186663832244e-15,-0.0,P4:813,314-334-337+158a+R7-,16+56-/314-334-337+158a+R7-,17.726112259158764
231,P4:580,1.5429239464852621e-15,4.821637332766436e-17,17.726112259158764,12.917663318112089,2.4108186663832244e-15,-0.0,P4:580,CD2+334-337+158a+158b-R7-,16+56-/CD2+334-337+158a+158b-R7-,17.726112259158764
241,P4:822,1.5429239464852621e-15,4.821637332766436e-17,17.726112259158764,12.917663318112089,2.4108186663832244e-15,-0.0,P4:822,314-337+158a+R7-,16+56-/314-337+158a+R7-,17.726112259158764
242,P4:823,1.5429239464852621e-15,4.821637332766436e-17,17.726112259158764,12.917663318112089,2.4108186663832244e-15,-0.0,P4:823,CD2+314-337+158a+R7-,16+56-/CD2+314-337+158a+R7-,17.726112259158764
240,P4:817,1.5429239464852621e-15,4.821637332766436e-17,17.726112259158764,12.917663318112089,2.4108186663832244e-15,-0.0,P4:817,CD2+334-337+158a+R7-,16+56-/CD2+334-337+158a+R7-,17.726112259158764
45,P1:337,0.0826895901412934,0.1020168356968064,17.253470691126108,12.627464396137936,0.0457999714734305,0.0700312636989569,P1:337,27-28-31-57+95-127+244-RA-,DPT/27-28-31-57+95-127+244-RA-,17.253470691126108
25,P1:20441,0.2400304849543616,0.1350825147645384,16.680732271204754,12.21730857057012,0.1320101110668676,0.012104562536814,P1:20441,27-31-57+95-127+244-RA-,DPT/27-31-57+95-127+244-RA-,16.680732271204754
24,P1:20440,0.0017548727105435,0.0674286894726101,16.656724789810635,10.16954362257914,0.0335705100115135,0.0947918466147026,P1:20440,28-31-57+95-127+244-RA-,DPT/28-31-57+95-127+244-RA-,16.656724789810635
97,P4:4559,11.79411652625555,0.3323694417321705,15.63174297214412,12.603981032513836,0.0630873900924693,2.219117369368236,P4:4559,CD2+337+158a-158b-R7-,56+16-/CD2+337+158a-158b-R7-,15.63174297214412
33,P1:21145,0.0137520359743318,0.0096858681936776,15.477641665372436,11.817490194695106,0.184173039604949,0.4311940861606972,P1:21145,27-28-31-57+95-127+RA-,DPT/27-28-31-57+95-127+RA-,15.477641665372436
169,P4:5236,12.34795167978339,0.3969363050888588,15.439158523130937,12.597602041132037,0.055196950384824,2.3248783940790863,P4:5236,CD2+337+158a-158b-,56+16-/CD2+337+158a-158b-,15.439158523130937
113,P4:4636,11.845506338691145,0.424394838724586,15.366257018804994,11.9117456401951,0.0735640856881197,2.219958824794769,P4:4636,CD2+337+158b-R7-,56+16-/CD2+337+158b-R7-,15.366257018804994
17,P1:20205,0.2666676196525643,0.1255399264299045,15.289955022230108,11.437899883143029,0.1381635257632412,0.2006262764365186,P1:20205,27-28-31-57+95-244-RA-,DPT/27-28-31-57+95-244-RA-,15.289955022230108
186,P4:5317,12.401781190328894,0.4906140461097633,15.139484227402471,11.888764181768744,0.065505034732005,2.324266485278656,P4:5317,CD2+337+158b-,56+16-/CD2+337+158b-,15.139484227402471
27,P1:20445,0.1013113979776091,0.1405257554782771,15.093242005187983,11.134281794565627,0.0524447728027987,0.1420760375760566,P1:20445,27-28-57+95-127+244-RA-,DPT/27-28-57+95-127+244-RA-,15.093242005187983
34,P1:21146,0.0864739817319077,0.0351939570658984,15.065626984125537,9.700091015862467,0.279605085608092,0.4572016653332441,P1:21146,28-31-57+95-127+RA-,DPT/28-31-57+95-127+RA-,15.065626984125537
35,P1:21148,0.1179432107242767,0.0011141747077855,14.866552778797892,11.392177228610027,0.0681026911443778,0.3556249282925243,P1:21148,27-31-57+95-127+RA-,DPT/27-31-57+95-127+RA-,14.866552778797892
131,P4:4782,14.602949534976895,0.0515676618902081,14.762671604172308,11.375716241480484,0.0969608229106167,2.44706051684264,P4:4782,CD2+337+158a-R7-,56+16-/CD2+337+158a-R7-,14.762671604172308
19,P1:20208,0.4790322396108293,0.1235669906672002,14.759944972233972,11.076727540578984,0.2452177817160511,0.1104979848327762,P1:20208,27-31-57+95-244-RA-,DPT/27-31-57+95-244-RA-,14.759944972233972
28,P1:20446,0.0227994010358569,0.1701206445036852,14.663404100178116,9.0295212272093,0.1347636853732306,0.1118726349331574,P1:20446,28-57+95-127+244-RA-,DPT/28-57+95-127+244-RA-,14.663404100178116
18,P1:20206,0.2221580967637965,0.102916506534007,14.64108902396972,9.137954261895135,0.0803207688166398,0.1972391533524947,P1:20206,28-31-57+95-244-RA-,DPT/28-31-57+95-244-RA-,14.64108902396972
29,P1:20448,0.2224226402695011,0.1147287290332234,14.497212837692215,10.736924328526635,0.006159002427666,0.1741144752845857,P1:20448,27-57+95-127+244-RA-,DPT/27-57+95-127+244-RA-,14.497212837692215
203,P4:5479,15.209200079392994,0.0800759792556032,14.480547592685506,11.266873045968488,0.1084928108113404,2.556392658640683,P4:5479,CD2+337+158a-,56+16-/CD2+337+158a-,14.480547592685506
148,P4:4863,15.072308558604028,0.267570485985845,14.200807887158344,10.287876794418333,0.0578049222385696,2.5640282768993554,P4:4863,CD2+337+R7-,56+16-/CD2+337+R7-,14.200807887158344
95,P4:4556,1.3649943633581445,0.0770619159118077,13.9119342505638,10.59360333974134,0.0161369998786953,0.0965971797484986,P4:4556,CD2+314-337+158a-158b-R7-,56+16-/CD2+314-337+158a-158b-R7-,13.9119342505638
111,P4:4633,1.3649943633581445,0.0770619159118077,13.9119342505638,10.59360333974134,0.0161369998786953,0.0965971797484986,P4:4633,CD2+314-337+158b-R7-,56+16-/CD2+314-337+158b-R7-,13.9119342505638
129,P4:4779,1.5008540730654687,0.0195294061304407,13.90970470555374,10.68182343013643,0.006902976387952,0.1319038993682213,P4:4779,CD2+314-337+158a-R7-,56+16-/CD2+314-337+158a-R7-,13.90970470555374
146,P4:4860,1.5008540730654687,0.0195294061304407,13.90970470555374,10.68182343013643,0.006902976387952,0.1319038993682213,P4:4860,CD2+314-337+R7-,56+16-/CD2+314-337+R7-,13.90970470555374
221,P4:5560,15.70478026304407,0.2983515858009203,13.908618187504748,10.187675222987275,0.0683475503657147,2.6783162911971736,P4:5560,CD2+337+,56+16-/CD2+337+,13.908618187504748
201,P4:5476,1.437296307221157,0.003448723502502,13.906345967534572,10.727496479296098,0.0613083594252969,0.1225439526269759,P4:5476,CD2+314-337+158a-,56+16-/CD2+314-337+158a-,13.906345967534572
219,P4:5557,1.437296307221157,0.003448723502502,13.906345967534572,10.727496479296098,0.0613083594252969,0.1225439526269759,P4:5557,CD2+314-337+,56+16-/CD2+314-337+,13.906345967534572
184,P4:5314,1.3052088771094592,0.0573302301449245,13.896321626847245,10.632711884764444,0.0724050169571555,0.0883354763816059,P4:5314,CD2+314-337+158b-,56+16-/CD2+314-337+158b-,13.896321626847245
167,P4:5233,1.3052088771094592,0.0573302301449245,13.896321626847245,10.632711884764444,0.0724050169571555,0.0883354763816059,P4:5233,CD2+314-337+158a-158b-,56+16-/CD2+314-337+158a-158b-,13.896321626847245
96,P4:4558,14.913744720276966,0.677789546748055,13.76402468637956,11.505294836816963,0.0219443863713033,3.080260881241012,P4:4558,337+158a-158b-R7-,56+16-/337+158a-158b-R7-,13.76402468637956
112,P4:4635,14.99135530413588,0.8002663817647439,13.669814246361163,10.94067644057456,0.0368844183581157,3.038261269441739,P4:4635,337+158b-R7-,56+16-/337+158b-R7-,13.669814246361163
145,P4:4859,1.600100169715789,0.0684604344942132,13.547071286397914,10.484477844518118,0.0384768262542936,0.2055149589365978,P4:4859,314-337+R7-,56+16-/314-337+R7-,13.547071286397914
128,P4:4778,1.600100169715789,0.0684604344942132,13.547071286397914,10.484477844518118,0.0384768262542936,0.2055149589365978,P4:4778,314-337+158a-R7-,56+16-/314-337+158a-R7-,13.547071286397914
218,P4:5556,1.5690662723558202,0.0773137211005055,13.54239692435358,10.53233867097032,0.1020723035171963,0.2025470516909678,P4:5556,314-337+,56+16-/314-337+,13.54239692435358
200,P4:5475,1.5690662723558202,0.0773137211005055,13.54239692435358,10.53233867097032,0.1020723035171963,0.2025470516909678,P4:5475,314-337+158a-,56+16-/314-337+158a-,13.54239692435358
110,P4:4632,1.4641697713880697,0.0134896380764414,13.528963823333555,10.382722169103223,0.0479277431409889,0.1688058524340343,P4:4632,314-337+158b-R7-,56+16-/314-337+158b-R7-,13.528963823333555
94,P4:4555,1.4641697713880697,0.0134896380764414,13.528963823333555,10.382722169103223,0.0479277431409889,0.1688058524340343,P4:4555,314-337+158a-158b-R7-,56+16-/314-337+158a-158b-R7-,13.528963823333555
183,P4:5313,1.4357579283009358,0.0227329071234384,13.512769484810416,10.42423132236517,0.113572892103875,0.1666333162958657,P4:5313,314-337+158b-,56+16-/314-337+158b-,13.512769484810416
166,P4:5232,1.4357579283009358,0.0227329071234384,13.512769484810416,10.42423132236517,0.113572892103875,0.1666333162958657,P4:5232,314-337+158a-158b-,56+16-/314-337+158a-158b-,13.512769484810416
168,P4:5235,15.476131434687357,0.7514349450333571,13.443094223828874,11.38273313112033,0.023895375422514,3.1884374560847317,P4:5235,337+158a-158b-,56+16-/337+158a-158b-,13.443094223828874
185,P4:5316,15.553092675071042,0.8737369917416726,13.32137621876094,10.810335481398392,0.0386586890944729,3.1444704611090244,P4:5316,337+158b-,56+16-/337+158b-,13.32137621876094
37,P1:21154,0.0791567710112583,0.3771044428972447,13.314639198837613,10.300392821481225,0.2201620462935634,0.0401739549789663,P1:21154,27-28-57+95-127+RA-,DPT/27-28-57+95-127+RA-,13.314639198837613
104,P4:4623,0.7935736134482687,0.1174887302176993,13.156439625033094,10.106867764575988,0.0615924999790513,0.0777722197132353,P4:4623,314-334-337+158b-R7-,56+16-/314-334-337+158b-R7-,13.156439625033094
90,P4:4549,0.7935736134482687,0.1174887302176993,13.156439625033094,10.106867764575988,0.0615924999790513,0.0777722197132353,P4:4549,314-334-337+158a-158b-R7-,56+16-/314-334-337+158a-158b-R7-,13.156439625033094
105,P4:4624,0.8064232454355457,0.1268248664672205,13.146566349897103,10.101616535928036,0.0512681062540431,0.071227511929681,P4:4624,CD2+314-334-337+158b-R7-,56+16-/CD2+314-334-337+158b-R7-,13.146566349897103
244,P4:99,0.8064232454355457,0.1268248664672205,13.146566349897103,10.101616535928036,0.0512681062540431,0.071227511929681,P4:99,2+314-334-337+158a-158b-R7-,56+16-/2+314-334-337+158a-158b-R7-,13.146566349897103
38,P1:21155,0.0107570741667631,0.4081142497755984,13.030055500265126,8.501238324703944,0.3119772901454322,0.0606984855060204,P1:21155,28-57+95-127+RA-,DPT/28-57+95-127+RA-,13.030055500265126
130,P4:4781,17.477560548960053,0.3300902758651501,13.009042528204194,10.41639750981306,0.1150565748852693,3.1960231009068214,P4:4781,337+158a-R7-,56+16-/337+158a-R7-,13.009042528204194
106,P4:4626,5.453556518528631,0.1932038900645827,12.958699990638385,10.19491220323265,0.1763948820683828,1.0533238109427252,P4:4626,334-337+158b-R7-,56+16-/334-337+158b-R7-,12.958699990638385
91,P4:4551,5.231163681214004,0.1362724776349918,12.915865791984858,10.250573844679064,0.1997525898609632,1.0085534846562625,P4:4551,334-337+158a-158b-R7-,56+16-/334-337+158a-158b-R7-,12.915865791984858
179,P4:5307,5.502361401580712,0.1793457130209901,12.804734026492492,10.119413128133663,0.1886286582334577,1.0004207207764224,P4:5307,334-337+158b-,56+16-/334-337+158b-,12.804734026492492
139,P4:4850,0.8498696173539645,0.0747304196550443,12.784466066016885,9.907277825676353,0.0670132456252282,0.0724674708947643,P4:4850,314-334-337+R7-,56+16-/314-334-337+R7-,12.784466066016885
122,P4:4769,0.8498696173539645,0.0747304196550443,12.784466066016885,9.907277825676353,0.0670132456252282,0.0724674708947643,P4:4769,314-334-337+158a-R7-,56+16-/314-334-337+158a-R7-,12.784466066016885
162,P4:5226,5.261592298829383,0.1287466284963735,12.783953686625864,10.190644637534676,0.2059200878940168,0.949225981869988,P4:5226,334-337+158a-158b-,56+16-/334-337+158a-158b-,12.783953686625864
123,P4:4770,0.8626756423779299,0.0831577598154686,12.773964804369571,9.901287817264077,0.056876961247013,0.0661665923899708,P4:4770,CD2+314-334-337+158a-R7-,56+16-/CD2+314-334-337+158a-R7-,12.773964804369571
140,P4:4851,0.8626756423779299,0.0831577598154686,12.773964804369571,9.901287817264077,0.056876961247013,0.0661665923899708,P4:4851,CD2+314-334-337+R7-,56+16-/CD2+314-334-337+R7-,12.773964804369571
92,P4:4552,4.125013721569654,0.0325079673745666,12.699316204661724,9.850725835359611,0.0755841838916595,0.6420561746020997,P4:4552,CD2+334-337+158a-158b-R7-,56+16-/CD2+334-337+158a-158b-R7-,12.699316204661724
202,P4:5478,18.067434235632827,0.3695454086326721,12.652183984150332,10.243808395738052,0.118173918725742,3.300974971447678,P4:5478,337+158a-,56+16-/337+158a-,12.652183984150332
147,P4:4862,17.8929998329291,0.608389650602429,12.646695948120088,9.48847193766678,0.0755959019320589,3.246608530057074,P4:4862,337+R7-,56+16-/337+R7-,12.646695948120088
160,P4:5223,0.7432775547575334,0.0956001912585181,12.612002164953854,9.73553680057782,0.0953643848936403,0.095828530443952,P4:5223,314-334-337+158a-158b-,56+16-/314-334-337+158a-158b-,12.612002164953854
177,P4:5304,0.7432775547575334,0.0956001912585181,12.612002164953854,9.73553680057782,0.0953643848936403,0.095828530443952,P4:5304,314-334-337+158b-,56+16-/314-334-337+158b-,12.612002164953854
124,P4:4772,5.894319003971661,0.0449552666192711,12.603488082772785,10.024163183526593,0.336310280912111,1.004886514266172,P4:4772,334-337+158a-R7-,56+16-/334-337+158a-R7-,12.603488082772785
161,P4:5224,0.7554169412291345,0.1043768513398216,12.601804908157206,9.729849325772951,0.084660853139829,0.0892375681221783,P4:5224,CD2+314-334-337+158a-158b-,56+16-/CD2+314-334-337+158a-158b-,12.601804908157206
178,P4:5305,0.7554169412291345,0.1043768513398216,12.601804908157206,9.729849325772951,0.084660853139829,0.0892375681221783,P4:5305,CD2+314-334-337+158b-,56+16-/CD2+314-334-337+158b-,12.601804908157206
107,P4:4627,4.336262422812213,0.0027206945758992,12.579875517248402,9.817487275614669,0.0542152782045973,0.6890464784296677,P4:4627,CD2+334-337+158b-R7-,56+16-/CD2+334-337+158b-R7-,12.579875517248402
141,P4:4853,6.208275668108643,0.1155830895754095,12.579539707756696,9.907402498268278,0.3040017750200325,1.0236661744844084,P4:4853,334-337+R7-,56+16-/334-337+R7-,12.579539707756696
163,P4:5227,4.155600268616938,0.036199035960417,12.565034968159027,9.789637439187215,0.079811113978604,0.5975749568866513,P4:5227,CD2+334-337+158a-158b-,56+16-/CD2+334-337+158a-158b-,12.565034968159027
125,P4:4773,4.82223808911068,0.1211527076601129,12.52026733394995,9.73058532699008,0.1983263435903943,0.6908261408764188,P4:4773,CD2+334-337+158a-R7-,56+16-/CD2+334-337+158a-R7-,12.52026733394995
196,P4:5469,5.960338247828389,0.0377548056488745,12.469698331483938,9.945086213985316,0.3365069936049863,0.9559515193871718,P4:5469,334-337+158a-,56+16-/334-337+158a-,12.469698331483938
180,P4:5308,4.392180036990825,0.0049088584150953,12.44594863961908,9.75726737143781,0.0637701998609687,0.650839522093471,P4:5308,CD2+334-337+158b-,56+16-/CD2+334-337+158b-,12.44594863961908
214,P4:5550,6.293658730306201,0.1025788606948951,12.427670563464776,9.81573273569788,0.3110320427120033,0.9817714496075886,P4:5550,334-337+,56+16-/334-337+,12.427670563464776
99,P4:4562,15.812602552860392,0.5350111703274069,12.415589577691028,10.273802996533172,0.0933884270554462,3.2942414720866093,P4:4562,CD2+314+337+158a-158b-R7-,56+16-/CD2+314+337+158a-158b-R7-,12.415589577691028
197,P4:5470,4.885805435985077,0.1266224240302265,12.379427884848644,9.646442675830226,0.1971828935171547,0.6531804955611564,P4:5470,CD2+334-337+158a-,56+16-/CD2+334-337+158a-,12.379427884848644
142,P4:4854,5.13582688126807,0.057095046419719,12.365055221746312,9.650536699195994,0.1664319433363193,0.7173394483725452,P4:4854,CD2+334-337+R7-,56+16-/CD2+334-337+R7-,12.365055221746312
212,P4:5547,0.7990315046048375,0.0559591384092626,12.28776301109126,9.567886926058826,0.1000923398552403,0.0900582328846579,P4:5547,314-334-337+,56+16-/314-334-337+,12.28776301109126
194,P4:5466,0.7990315046048375,0.0559591384092626,12.28776301109126,9.567886926058826,0.1000923398552403,0.0900582328846579,P4:5466,314-334-337+158a-,56+16-/314-334-337+158a-,12.28776301109126
220,P4:5559,18.507596081541557,0.6471781113526273,12.285458414294046,9.331683464041452,0.0786308842657528,3.356442572073981,P4:5559,337+,56+16-/337+,12.285458414294046
213,P4:5548,0.8111680386050535,0.0639061400904356,12.277043046182794,9.561634654320384,0.0895884487176759,0.0837047272609434,P4:5548,CD2+314-334-337+,56+16-/CD2+314-334-337+,12.277043046182794
195,P4:5467,0.8111680386050535,0.0639061400904356,12.277043046182794,9.561634654320384,0.0895884487176759,0.0837047272609434,P4:5467,CD2+314-334-337+158a-,56+16-/CD2+314-334-337+158a-,12.277043046182794
211,P4:5505,292.07799189807173,0.706071235860901,12.25621816337829,9.2606793277041,0.0887795854940589,3.3062074592227373,P4:5505,337-,56+16-/337-,12.25621816337829
215,P4:5551,5.226588070692806,0.066647662050265,12.225244930191083,9.567835549779744,0.1716408618009695,0.6866349643910468,P4:5551,CD2+334-337+,56+16-/CD2+334-337+,12.225244930191083
39,P1:21157,0.1705757851410304,0.3733199730086275,12.14667655580948,9.481681145143355,0.1520722029705149,0.036743324412996,P1:21157,27-57+95-127+RA-,DPT/27-57+95-127+RA-,12.14667655580948
115,P4:4639,15.74116532332824,0.673100627754658,12.076189908316636,9.425303806468442,0.107064504101664,3.261351536030448,P4:4639,CD2+314+337+158b-R7-,56+16-/CD2+314+337+158b-R7-,12.076189908316636
171,P4:5239,16.556086659678517,0.6159995314383753,12.0191192265475,10.105822029639336,0.1111137829944028,3.448096964743074,P4:5239,CD2+314+337+158a-158b-,56+16-/CD2+314+337+158a-158b-,12.0191192265475
102,P4:4566,19.43137163268342,1.0093520954053865,12.01869421481287,10.194741859187088,0.2810890352798956,4.307688542666343,P4:4566,CD2+334+337+158a-158b-R7-,56+16-/CD2+334+337+158a-158b-R7-,12.01869421481287
26,P1:20442,0.6909638781237798,0.1881682785525185,11.967298113193568,7.495182499789211,0.1882886544261422,0.3020443385341833,P1:20442,31-57+95-127+244-RA-,DPT/31-57+95-127+244-RA-,11.967298113193568
119,P4:4645,18.854177596896196,1.1650890794465203,11.75086981708948,8.988466095524585,0.265947120123549,4.11061594806977,P4:4645,CD2+334+337+158b-R7-,56+16-/CD2+334+337+158b-R7-,11.75086981708948
30,P1:20449,0.874925916916004,0.0809296829646987,11.730296829375384,7.517678432758326,0.2386824784100406,0.7164208717470975,P1:20449,57+95-127+244-RA-,DPT/57+95-127+244-RA-,11.730296829375384
225,P4:5566,2.8296113711579016,0.1588553571634713,11.700663397622732,8.784264431138922,0.0180502812612329,0.9154693389892504,P4:5566,CD2+314-334+337+,56+16-/CD2+314-334+337+,11.700663397622732
207,P4:5485,2.8296113711579016,0.1588553571634713,11.700663397622732,8.784264431138922,0.0180502812612329,0.9154693389892504,P4:5485,CD2+314-334+337+158a-,56+16-/CD2+314-334+337+158a-,11.700663397622732
188,P4:5320,16.4677442759676,0.7538693451214018,11.647289883996535,9.249427718802115,0.1245349575498625,3.4082177821550586,P4:5320,CD2+314+337+158b-,56+16-/CD2+314+337+158b-,11.647289883996535
175,P4:5245,19.70349665596929,1.169407559694683,11.440395550242052,9.905991660640115,0.2526644889394144,4.514804242261427,P4:5245,CD2+334+337+158a-158b-,56+16-/CD2+334+337+158a-158b-,11.440395550242052
133,P4:4785,19.04331919813296,0.0766522295967781,11.337470592944277,8.736661395092895,0.1237102888411014,3.454411068865523,P4:4785,CD2+314+337+158a-R7-,56+16-/CD2+314+337+158a-R7-,11.337470592944277
36,P1:21149,0.5175192577348042,0.0482027027467709,11.334686163487037,7.500972474717048,0.4005206140828509,0.0188475170425963,P1:21149,31-57+95-127+RA-,DPT/31-57+95-127+RA-,11.334686163487037
263,P5 NKT:187,1.775649813536707,1.908909575877416,11.316955190335673,8.904534290637928,0.7117257876089266,0.1528862255361129,P5 NKT:187,27-28+R7+,4-8/27-28+R7+,11.316955190335673
21,P1:20214,0.9137400010980083,0.0164606026433048,11.291122903787794,8.70806017624652,0.408724126131665,0.0081828081184382,P1:20214,27-28-57+95-244-RA-,DPT/27-28-57+95-244-RA-,11.291122903787794
173,P4:5242,2.510649416512236,0.0601371679983258,11.289345299970163,8.415570152788291,0.0260458344385201,0.7209606271080499,P4:5242,CD2+314-334+337+158a-158b-,56+16-/CD2+314-334+337+158a-158b-,11.289345299970163
190,P4:5323,2.510649416512236,0.0601371679983258,11.289345299970163,8.415570152788291,0.0260458344385201,0.7209606271080499,P4:5323,CD2+314-334+337+158b-,56+16-/CD2+314-334+337+158b-,11.289345299970163
0,MFI:469,105.99212933953996,11.232724280950384,0.8309022341194103,1.380330195812783,0.3582590497528664,0.0381212299286067,,,,11.232724280950384
192,P4:5326,19.16631271610868,1.335848534065639,11.19171105616189,8.779025359585056,0.2488516834491091,4.305515824923565,P4:5326,CD2+334+337+158b-,56+16-/CD2+334+337+158b-,11.19171105616189
205,P4:5482,19.799022346470124,0.1060910033332173,10.881816993797468,8.490977882329503,0.1105291322881034,3.6028606432566592,P4:5482,CD2+314+337+158a-,56+16-/CD2+314+337+158a-,10.881816993797468
152,P4:4869,2.937744866787511,0.1482131508127069,10.770450573938133,8.040500840586116,0.1261260462134362,0.895658656225192,P4:4869,CD2+314-334+337+R7-,56+16-/CD2+314-334+337+R7-,10.770450573938133
135,P4:4788,2.937744866787511,0.1482131508127069,10.770450573938133,8.040500840586116,0.1261260462134362,0.895658656225192,P4:4788,CD2+314-334+337+158a-R7-,56+16-/CD2+314-334+337+158a-R7-,10.770450573938133
150,P4:4866,19.377749084462312,0.3718941245072696,10.665695365231276,7.4946696472251,0.0709668061651109,3.5650064842288605,P4:4866,CD2+314+337+R7-,56+16-/CD2+314+337+R7-,10.665695365231276
23,P1:20217,1.147014979288107,0.0226943722784819,10.590610463812732,8.271704056639562,0.4687954456101446,0.021467199374133,P1:20217,27-57+95-244-RA-,DPT/27-57+95-244-RA-,10.590610463812732
264,P5 NKT:42,0.4802745702381952,1.1510525568638197,10.384640481142023,8.046390647207149,0.8161826610109104,0.4239548552862724,P5 NKT:42,27-28+RA-R7+,4-8/27-28+RA-R7+,10.384640481142023
117,P4:4642,2.60267364985624,0.047917211306917,10.34835140625965,7.665145762144991,0.0733388811673882,0.6965870455599531,P4:4642,CD2+314-334+337+158b-R7-,56+16-/CD2+314-334+337+158b-R7-,10.34835140625965
76,P4:141,2.60267364985624,0.047917211306917,10.34835140625965,7.665145762144991,0.0733388811673882,0.6965870455599531,P4:141,2+314-334+337+158a-158b-R7-,56+16-/2+314-334+337+158a-158b-R7-,10.34835140625965
137,P4:4791,23.370369050757706,0.3117304298767874,10.321501564779302,7.828854076113683,0.0433438779854348,4.535835145073876,P4:4791,CD2+334+337+158a-R7-,56+16-/CD2+334+337+158a-R7-,10.321501564779302
40,P1:21158,0.7294633030302776,0.4025716398003508,10.247013217729286,5.716927763259138,0.310060443736856,0.3361885858102716,P1:21158,57+95-127+RA-,DPT/57+95-127+RA-,10.247013217729286
223,P4:5563,20.14954629570028,0.4010682996125763,10.215920891345894,7.280122903748382,0.0595563932218117,3.7161915662947713,P4:5563,CD2+314+337+,56+16-/CD2+314+337+,10.215920891345894
98,P4:4561,18.19412504791212,0.8854999470713905,10.124887957046226,8.778795329799983,0.0458313688613228,4.028887370359841,P4:4561,314+337+158a-158b-R7-,56+16-/314+337+158a-158b-R7-,10.124887957046226
114,P4:4638,18.20080417103359,1.04836532662836,10.024611702493283,8.166678279117905,0.0645940592645007,3.9474811920086488,P4:4638,314+337+158b-R7-,56+16-/314+337+158b-R7-,10.024611702493283
243,P4:94,6.227918917243724,0.0217062372051277,9.883654237725011,7.715929557722318,0.080786939267662,1.2422815501305011,P4:94,2+314+334-337+158a-158b-R7-,56+16-/2+314+334-337+158a-158b-R7-,9.883654237725011
165,P4:5230,6.387964694851959,0.0064549349843586,9.8436001413635,7.716012405424497,0.0658532684519262,1.1913498558532527,P4:5230,CD2+314+334-337+158a-158b-,56+16-/CD2+314+334-337+158a-158b-,9.8436001413635
108,P4:4629,7.994083636674453,0.3866944110008493,9.825421889143689,7.845350190049353,0.2177229496562621,1.916359096908886,P4:4629,314+334-337+158b-R7-,56+16-/314+334-337+158b-R7-,9.825421889143689
93,P4:4553,7.650466571962066,0.2890045940815463,9.802119945427531,7.940406288634851,0.2533495979843822,1.8392777868098944,P4:4553,314+334-337+158a-158b-R7-,56+16-/314+334-337+158a-158b-R7-,9.802119945427531
209,P4:5488,23.56197789258378,0.384911188023649,9.77736863197448,7.571208448960482,0.0177962879458408,4.718241390323835,P4:5488,CD2+334+337+158a-,56+16-/CD2+334+337+158a-,9.77736863197448
164,P4:5229,7.809545931921985,0.2639144755801608,9.755724012610294,7.935722099530218,0.2385664089903008,1.7718040270930755,P4:5229,314+334-337+158a-158b-,56+16-/314+334-337+158a-158b-,9.755724012610294
181,P4:5310,8.177153481643318,0.3492632553424076,9.744370865077812,7.814542931692054,0.2124368932596578,1.8600346211885384,P4:5310,314+334-337+158b-,56+16-/314+334-337+158b-,9.744370865077812
109,P4:4630,6.583412813118351,0.077479275950592,9.701296909693884,7.653583696560136,0.0490042486015166,1.3310341025963526,P4:4630,CD2+314+334-337+158b-R7-,56+16-/CD2+314+334-337+158b-R7-,9.701296909693884
170,P4:5238,18.767373782212744,0.9694907963606716,9.667531272568134,8.527701805254459,0.0723083277325838,4.139300594077597,P4:5238,314+337+158a-158b-,56+16-/314+337+158a-158b-,9.667531272568134
182,P4:5311,6.795412911156184,0.0538542700359258,9.659404304080574,7.653475592155939,0.0426617451743897,1.2948725059104689,P4:5311,CD2+314+334-337+158b-,56+16-/CD2+314+334-337+158b-,9.659404304080574
127,P4:4776,7.097045403318851,0.1259027383563472,9.633906007104756,7.499006645082859,0.2607930602083688,1.276775331389615,P4:4776,CD2+314+334-337+158a-R7-,56+16-/CD2+314+334-337+158a-R7-,9.633906007104756
199,P4:5473,7.317450188454306,0.146255892380608,9.579672889072082,7.465385258869043,0.2347412593617495,1.2412074053277584,P4:5473,CD2+314+334-337+158a-,56+16-/CD2+314+334-337+158a-,9.579672889072082
187,P4:5319,18.762944615019386,1.129617780792812,9.544070964099562,7.919126730179016,0.091198576265511,4.05349288636084,P4:5319,314+337+158b-,56+16-/314+337+158b-,9.544070964099562
126,P4:4775,8.336094650015342,0.105990533032424,9.418496917296505,7.609851739372415,0.4465909583679743,1.7480251232865291,P4:4775,314+334-337+158a-R7-,56+16-/314+334-337+158a-R7-,9.418496917296505
132,P4:4784,21.008209599730527,0.3769941471826334,9.40619296357532,7.642303427449796,0.124355850233231,4.054476128635909,P4:4784,314+337+158a-R7-,56+16-/314+337+158a-R7-,9.40619296357532
144,P4:4857,7.595506125457752,0.034852542157747,9.395023902961473,7.366050421598376,0.210592045293552,1.3199531089159655,P4:4857,CD2+314+334-337+R7-,56+16-/CD2+314+334-337+R7-,9.395023902961473
198,P4:5472,8.552673899738869,0.085679508663842,9.363806737791416,7.577341008802681,0.4210496137440923,1.7006135566299958,P4:5472,314+334-337+158a-,56+16-/314+334-337+158a-,9.363806737791416
154,P4:4872,22.57171228518126,0.7762709932750059,9.351429812675455,6.029065839878043,0.078024957077226,4.513763658303222,P4:4872,CD2+334+337+R7-,56+16-/CD2+334+337+R7-,9.351429812675455
143,P4:4856,8.782877880566604,0.2153487740935556,9.34397436435702,7.431213856310303,0.3956207787326487,1.7699197493650118,P4:4856,314+334-337+R7-,56+16-/314+334-337+R7-,9.34397436435702
217,P4:5554,7.869008543772109,0.058278684765717,9.338327300900623,7.33174580589173,0.1954065311645517,1.298949347442705,P4:5554,CD2+314+334-337+,56+16-/CD2+314+334-337+,9.338327300900623
216,P4:5553,9.023971249243615,0.1844213844245014,9.260673797323353,7.377528672817515,0.3809401383633522,1.733911642639138,P4:5553,314+334-337+,56+16-/314+334-337+,9.260673797323353
224,P4:5565,2.967999463846453,0.4503020567018636,9.239894439976288,7.15033365966706,0.0718234771604966,1.2539253025549293,P4:5565,314-334+337+,56+16-/314-334+337+,9.239894439976288
206,P4:5484,2.967999463846453,0.4503020567018636,9.239894439976288,7.15033365966706,0.0718234771604966,1.2539253025549293,P4:5484,314-334+337+158a-,56+16-/314-334+337+158a-,9.239894439976288
68,P4:1195,0.5444079090919591,0.6690002057308196,9.137251080116563,6.766501602254386,0.531003645913066,0.7057101041993219,P4:1195,314-337+158b-,16+56-/314-337+158b-,9.137251080116563
159,P4:515,0.5444079090919591,0.6690002057308196,9.137251080116563,6.766501602254386,0.531003645913066,0.7057101041993219,P4:515,CD2+314-337+158b-R7-,16+56-/CD2+314-337+158b-R7-,9.137251080116563
69,P4:1196,0.5444079090919591,0.6690002057308196,9.137251080116563,6.766501602254386,0.531003645913066,0.7057101041993219,P4:1196,CD2+314-337+158b-,16+56-/CD2+314-337+158b-,9.137251080116563
158,P4:514,0.5444079090919591,0.6690002057308196,9.137251080116563,6.766501602254386,0.531003645913066,0.7057101041993219,P4:514,314-337+158b-R7-,16+56-/314-337+158b-R7-,9.137251080116563
65,P4:117,19.604293001464285,1.1058977776203416,9.089824723581396,7.982609754207559,0.2832867199509487,4.346300252232775,P4:117,2+314+334+337+158a-158b-R7-,56+16-/2+314+334+337+158a-158b-R7-,9.089824723581396
149,P4:4865,21.309210275029397,0.7270992823576378,9.031624163513367,6.682847007098628,0.0761286607154851,4.073979674230212,P4:4865,314+337+R7-,56+16-/314+337+R7-,9.031624163513367
204,P4:5481,21.58514994609992,0.4187051669557397,8.939582518225475,7.36915848364945,0.1024838606984479,4.158498500710675,P4:5481,314+337+158a-,56+16-/314+337+158a-,8.939582518225475
227,P4:5569,22.964556988258423,0.8530151211861017,8.932446859745717,5.919222092774693,0.0578980284500259,4.710739982492981,P4:5569,CD2+334+337+,56+16-/CD2+334+337+,8.932446859745717
121,P4:4648,18.926462478749745,1.2765911667783856,8.87157116462756,6.844945821362983,0.2663486186154868,4.121076059924427,P4:4648,CD2+314+334+337+158b-R7-,56+16-/CD2+314+334+337+158b-R7-,8.87157116462756
189,P4:5322,2.675669106410709,0.3265209853975203,8.847609207957639,6.804037436607861,0.1157065019084808,1.0561282255324609,P4:5322,314-334+337+158b-,56+16-/314-334+337+158b-,8.847609207957639
172,P4:5241,2.675669106410709,0.3265209853975203,8.847609207957639,6.804037436607861,0.1157065019084808,1.0561282255324609,P4:5241,314-334+337+158a-158b-,56+16-/314-334+337+158a-158b-,8.847609207957639
222,P4:5562,21.90882030999077,0.7647184671939598,8.571902532392551,6.443751317360569,0.0569293738427464,4.183005994739539,P4:5562,314+337+,56+16-/314+337+,8.571902532392551
101,P4:4565,20.995570359713284,1.2504053139656883,8.50886141877358,7.623852483985021,0.2852193131034743,4.708158496935776,P4:4565,334+337+158a-158b-R7-,56+16-/334+337+158a-158b-R7-,8.50886141877358
134,P4:4787,2.919334696145349,0.4796085956636347,8.45314295782035,6.510345103859479,0.0318749275196625,1.1884709384172991,P4:4787,314-334+337+158a-R7-,56+16-/314-334+337+158a-R7-,8.45314295782035
151,P4:4868,2.919334696145349,0.4796085956636347,8.45314295782035,6.510345103859479,0.0318749275196625,1.1884709384172991,P4:4868,314-334+337+R7-,56+16-/314-334+337+R7-,8.45314295782035
22,P1:20215,0.9993040118181252,0.1011519951528983,8.444073031051772,5.442443767518723,0.0924583496116605,0.1223971891648655,P1:20215,28-57+95-244-RA-,DPT/28-57+95-244-RA-,8.444073031051772
118,P4:4644,20.738309267652195,1.4019894221841152,8.436216270075908,6.907880210578826,0.2929127796470832,4.511618638092598,P4:4644,334+337+158b-R7-,56+16-/334+337+158b-R7-,8.436216270075908
176,P4:5248,19.95558013639429,1.2769253610189255,8.387776715031492,7.568823188668756,0.2877476172354005,4.557114712851747,P4:5248,CD2+314+334+337+158a-158b-,56+16-/CD2+314+334+337+158a-158b-,8.387776715031492
193,P4:5329,19.31858481237633,1.458606783801451,8.193079380991314,6.523299012707648,0.2821656883250099,4.318313628681636,P4:5329,CD2+314+334+337+158b-,56+16-/CD2+314+334+337+158b-,8.193079380991314
116,P4:4641,2.62080683692978,0.3494175458870678,8.0591354016663,6.164364767432652,0.0060714677277988,0.9899930335388396,P4:4641,314-334+337+158b-R7-,56+16-/314-334+337+158b-R7-,8.0591354016663
100,P4:4563,2.62080683692978,0.3494175458870678,8.0591354016663,6.164364767432652,0.0060714677277988,0.9899930335388396,P4:4563,314-334+337+158a-158b-R7-,56+16-/314-334+337+158a-158b-R7-,8.0591354016663
174,P4:5244,21.171960630894954,1.3836806732499962,8.007551804500057,7.339026713563107,0.2816464219091383,4.8654321841196415,P4:5244,334+337+158a-158b-,56+16-/334+337+158a-158b-,8.007551804500057
55,P2:21191,3.603404589209093,0.431264532179467,7.959050281006736,4.137809447312929,0.9527788875544564,0.5790100656152114,P2:21191,38-39+73-DR+RO-,DPT/38-39+73-DR+RO-,7.959050281006736
191,P4:5325,20.946001107825563,1.5431196058878194,7.941800048348099,6.675757522126274,0.2967678663073292,4.664504044638091,P4:5325,334+337+158b-,56+16-/334+337+158b-,7.941800048348099
253,P5 gd:353,17.816746550752928,0.1689964688117841,7.7376297853640335,5.460100248372378,0.0758829889567477,0.2018007001065199,P5 gd:353,27-28+RA-R5+R7-,CD3 T/VD1/27-28+RA-R5+R7-,7.7376297853640335
250,P5 gd:345,19.46799566349121,0.1582332881599661,7.715748238253853,5.042398436741529,0.0439548847286358,0.2803067436757548,P5 gd:345,27-RA-R5+R7-,CD3 T/VD1/27-RA-R5+R7-,7.715748238253853
136,P4:4790,24.71841630006534,0.6243806441065467,7.686547286983484,6.214244233607432,0.1034191196393682,4.92265777643436,P4:4790,334+337+158a-R7-,56+16-/334+337+158a-R7-,7.686547286983484
20,P1:20209,1.977314754955574,0.3163481500321603,7.638667196858162,4.217942796489252,0.0356153833638811,0.2124981842345183,P1:20209,31-57+95-244-RA-,DPT/31-57+95-244-RA-,7.638667196858162
52,P2:21112,1.7052881943226506,0.1077492745893057,7.599547463348794,3.464497231617272,0.0236041330600937,0.0490870887956612,P2:21112,25-39+73-127-DR+RO-,DPT/25-39+73-127-DR+RO-,7.599547463348794
138,P4:4794,23.510798050473657,0.2928049551136188,7.591511786646389,5.79077874331217,0.019474807976723,4.457350217237575,P4:4794,CD2+314+334+337+158a-R7-,56+16-/CD2+314+334+337+158a-R7-,7.591511786646389
245,P5 gd:10,17.617713014505078,0.2357311104628876,7.579625109258857,5.429545352624977,0.1207603157326785,0.21010724538134,P5 gd:10,8-27-28+RA-R5+R7-,CD3 T/VD1/8-27-28+RA-R5+R7-,7.579625109258857
252,P5 gd:348,20.771455495969644,0.144099404717144,7.5341926658312675,4.944276319824996,0.0295588352544354,0.2436765409127162,P5 gd:348,RA-R5+R7-,CD3 T/VD1/RA-R5+R7-,7.5341926658312675
61,P2:812,0.2313681175662653,0.3599920404107777,7.528975568672169,5.823740143668403,0.654593798971742,0.8880946974097726,P2:812,25+38-39+73-127-DR-PD1+RO-,DNT/25+38-39+73-127-DR-PD1+RO-,7.528975568672169
255,P5 gd:355,19.32794755960657,0.1610726327742465,7.459840498247203,5.333677368577804,0.0581111679562885,0.1670377945176868,P5 gd:355,28+RA-R5+R7-,CD3 T/VD1/28+RA-R5+R7-,7.459840498247203
249,P5 gd:344,18.64833800781889,0.2189695825964086,7.437949792050787,4.719873046348443,0.1266835649555184,0.1932765030529794,P5 gd:344,8-27-RA-R5+R7-,CD3 T/VD1/8-27-RA-R5+R7-,7.437949792050787
89,P4:4435,0.3896175128315975,0.2943048244223351,7.390721923222894,5.749290704959268,0.4919123989738101,0.3630260850718997,P4:4435,CD2-314+334+337+158b+R7+,16+56/CD2-314+334+337+158b+R7+,7.390721923222894
88,P4:4432,0.3896175128315975,0.2943048244223351,7.390721923222894,5.749290704959268,0.4919123989738101,0.3630260850718997,P4:4432,CD2-334+337+158b+R7+,16+56/CD2-334+337+158b+R7+,7.390721923222894
87,P4:4426,0.3896175128315975,0.2943048244223351,7.390721923222894,5.749290704959268,0.4919123989738101,0.3630260850718997,P4:4426,CD2-314+337+158b+R7+,16+56/CD2-314+337+158b+R7+,7.390721923222894
86,P4:4423,0.3896175128315975,0.2943048244223351,7.390721923222894,5.749290704959268,0.4919123989738101,0.3630260850718997,P4:4423,CD2-337+158b+R7+,16+56/CD2-337+158b+R7+,7.390721923222894
48,P1:53,3.1389799896962285,0.0093020166689183,7.318790059459702,5.813763220466753,0.5989541946814765,0.2157485590470788,P1:53,27+28-31+57-95+127-244+RA-,DPT/27+28-31+57-95+127-244+RA-,7.318790059459702
15,P1:19331,2.640404557337727,0.066397063706303,7.309749464959247,6.150399001535216,0.2519804300949883,0.1688900551660525,P1:19331,27+57+95-127-244+RA+,DNT/27+57+95-127-244+RA+,7.309749464959247
14,P1:19328,2.628357229349916,0.0713226807817043,7.26759286332865,6.131066146867619,0.2468896298127277,0.1488207270269106,P1:19328,27+28-57+95-127-244+RA+,DNT/27+28-57+95-127-244+RA+,7.26759286332865
254,P5 gd:354,19.159606390266784,0.2139660118527644,7.252302359245653,5.247977965752189,0.1088918671835496,0.1763568467815413,P5 gd:354,8-28+RA-R5+R7-,CD3 T/VD1/8-28+RA-R5+R7-,7.252302359245653
153,P4:4871,24.482786858947502,1.0929312270499003,7.236976750249698,5.061385725900507,0.1427015245598826,4.881626554809199,P4:4871,334+337+R7-,56+16-/334+337+R7-,7.236976750249698
32,P1:20787,3.19028942109226,0.0154962616035256,7.230875451647051,5.790346181279676,0.6038990932913556,0.2226633475905849,P1:20787,27+28-31+57-95+127-RA-,DPT/27+28-31+57-95+127-RA-,7.230875451647051
41,P1:21419,3.205532137389408,0.0049993552804926,7.229659376997376,5.780541656253622,0.6513934635352837,0.2384834683137919,P1:21419,27+28-31+57-127-244+RA-,DPT/27+28-31+57-127-244+RA-,7.229659376997376
251,P5 gd:347,20.010848515915274,0.1973308541994961,7.2123194879653,4.580446969145328,0.1147896268562327,0.1639842870681596,P5 gd:347,8-RA-R5+R7-,CD3 T/VD1/8-RA-R5+R7-,7.2123194879653
208,P4:5487,24.77861672048629,0.7017457356518114,7.203202684354022,5.959552172602801,0.0890783486167576,5.04846329218304,P4:5487,334+337+158a-,56+16-/334+337+158a-,7.203202684354022
31,P1:20706,3.2745282710089256,0.0292919210208839,7.138569533460946,5.754548127947203,0.661275427897775,0.2429974818427574,P1:20706,27+28-31+57-127-RA-,DPT/27+28-31+57-127-RA-,7.138569533460946
262,P5 gd:585,21.95940197186509,0.1598759139280937,7.056487157074949,5.033459161254193,0.017968123615115,0.2734465581015936,P5 gd:585,27-28+RA-R5+,CD3 T/VD1/27-28+RA-R5+,7.056487157074949
54,P2:21136,0.8694541936379041,0.1702445325574251,7.04567850997798,2.363861268971445,0.1657749875768535,0.3792625061122634,P2:21136,25-38-39+127-DR+RO-,DPT/25-38-39+127-DR+RO-,7.04567850997798
10,P1:18614,3.001215529223171,0.045032256816374,7.00952189215773,5.983428413223927,0.2242008597530306,0.1951003562658333,P1:18614,27+57+95-127-RA+,DNT/27+57+95-127-RA+,7.00952189215773
259,P5 gd:576,22.91994634815869,0.1527336759526633,7.007766543286622,4.5995047644796045,0.0014176837333167,0.3288721176234879,P5 gd:576,27-RA-R5+,CD3 T/VD1/27-RA-R5+,7.007766543286622
210,P4:5491,23.81235665754209,0.3676615042799067,6.980645838716366,5.464256771609984,0.0150101179439296,4.651342799006311,P4:5491,CD2+314+334+337+158a-,56+16-/CD2+314+334+337+158a-,6.980645838716366
9,P1:18611,2.7236468300610936,0.0692184468840835,6.979974788731146,5.913579936502921,0.2092193872546024,0.1387734297950177,P1:18611,27+28-57+95-127-RA+,DNT/27+28-57+95-127-RA+,6.979974788731146
56,P2:7344,4.076378804807573,0.2266031161313466,6.9684484484584335,5.290603390784626,0.0076022920994543,0.3352031570657028,P2:7344,38-39+73-127-DR-PD1-RO-,CD8/38-39+73-127-DR-PD1-RO-,6.9684484484584335
49,P2:194,3.87041531507668,0.2380236104458391,6.935866768720892,5.268721502057277,0.0001069991197432,0.3127307138472165,P2:194,25-38-39+73-127-DR-PD1-RO-,CD8/25-38-39+73-127-DR-PD1-RO-,6.935866768720892
261,P5 gd:584,21.74103668066402,0.2176814138008089,6.90139247819501,4.959826798660465,0.0381276305506296,0.2665755963341489,P5 gd:584,8-27-28+RA-R5+,CD3 T/VD1/8-27-28+RA-R5+,6.90139247819501
155,P4:4875,22.625802837397423,0.7869506370682382,6.834850543896969,4.24304005892538,0.0563461562362833,4.434283468004513,P4:4875,CD2+314+334+337+R7-,56+16-/CD2+314+334+337+R7-,6.834850543896969
226,P4:5568,24.69770537958168,1.1682587439871337,6.819908153925706,4.907519398381122,0.132897382174971,5.024886773145954,P4:5568,334+337+,56+16-/334+337+,6.819908153925706
58,P2:7560,3.8735921157390414,0.3546298600048618,6.792114997869982,5.191632434299754,0.0549616627092618,0.2208926913727283,P2:7560,38-39+73-127-PD1-RO-,CD8/38-39+73-127-PD1-RO-,6.792114997869982
57,P2:7559,3.616869650971633,0.3733887330632481,6.790909462306585,5.197580948434845,0.0474489949421091,0.2028407715635258,P2:7559,25-38-39+73-127-PD1-RO-,CD8/25-38-39+73-127-PD1-RO-,6.790909462306585
16,P1:19338,2.0757534025885067,0.0543096131107163,6.787161846330343,5.474454905349181,0.7896475642373634,0.013391241022903,P1:19338,27+31+57+95-127-244+RA+,DNT/27+31+57+95-127-244+RA+,6.787161846330343
247,P5 gd:277,21.151387002334697,0.2543451800614295,6.779386250834835,5.017355063926376,0.2167397499918147,0.1611374970642745,P5 gd:277,27-28+RA-R7-,CD3 T/VD1/27-28+RA-R7-,6.779386250834835
46,P1:371,2.722127530084214,0.1720573395071394,6.704885447246752,5.810196221594432,0.0512531918093642,0.3294062154167572,P1:371,27+28-31-57+95-127-244+RA+,DNT/27+28-31-57+95-127-244+RA+,6.704885447246752
258,P5 gd:575,22.231911778411693,0.2142961217684856,6.691250174827856,4.249627859041336,0.0550468498322443,0.2297108146613617,P5 gd:575,8-27-RA-R5+,CD3 T/VD1/8-27-RA-R5+,6.691250174827856
50,P2:21109,0.7642275864341691,0.1796825571102903,6.592451956450291,2.3250660979588225,0.2507336850873306,0.3971975890993015,P2:21109,25-38-39+73-127-DR+RO-,DPT/25-38-39+73-127-DR+RO-,6.592451956450291
6,P1:17217,2.564880460197948,0.1077896501290655,6.586888234418929,5.528503256472381,0.3500243805089879,0.1005645978637051,P1:17217,27+28-57+95-127-244+,DNT/27+28-57+95-127-244+,6.586888234418929
13,P1:19324,2.69857001833194,0.1645542046035333,6.582937488433744,5.720425943804033,0.0275759754039984,0.3245100350893986,P1:19324,27+31-57+95-127-244+RA+,DNT/27+31-57+95-127-244+RA+,6.582937488433744
12,P1:18623,2.557669405811165,0.0851158675829593,6.550279406315993,5.378204631437678,0.81321454971835,0.0152221767662659,P1:18623,27+31+57+95-127-RA+,DNT/27+31+57+95-127-RA+,6.550279406315993
7,P1:17220,2.6864374118416343,0.0964972861836401,6.536926851713519,5.476388134927007,0.3187516733586349,0.134952992403355,P1:17220,27+57+95-127-244+,DNT/27+57+95-127-244+,6.536926851713519
64,P3:395,0.8683633332325769,0.8829514346563189,6.515940213526904,5.660443586664012,0.159716898873674,0.0229584795764703,P3:395,161+PD1-R4+R6-R10-XR3-XR5+,CD8/Memory/161+PD1-R4+R6-R10-XR3-XR5+,6.515940213526904
53,P2:21113,2.444678889570276,0.0344939049038132,6.513568503232333,3.1212589706229403,0.2101154932770751,0.0191664120020189,P2:21113,39+73-127-DR+RO-,DPT/39+73-127-DR+RO-,6.513568503232333
47,P1:432,2.0138606786628395,0.0536596630094317,6.513068263399035,5.297876056353352,0.8488818643799874,0.0562431702977195,P1:432,27+28-31+57+95-127-244+RA+,DNT/27+28-31+57+95-127-244+RA+,6.513068263399035
257,P5 gd:377,27.771968995721767,0.1158610371156812,6.509889531934643,4.588503399604262,0.1688033810848092,0.1186539865543654,P5 gd:377,27-28+R5+R7-,CD3 T/VD1/27-28+R5+R7-,6.509889531934643
51,P2:21110,0.7716627105445336,0.0864138821630481,6.484868487874103,2.319413858283887,0.1944856183177519,0.3151036599509569,P2:21110,38-39+73-127-DR+RO-,DPT/38-39+73-127-DR+RO-,6.484868487874103
260,P5 gd:579,25.881104308383275,0.140811674608026,6.454304853952102,4.236704850009601,0.0174628235169679,0.3296437126328469,P5 gd:579,RA-R5+,CD3 T/VD1/RA-R5+,6.454304853952102
43,P1:25021,3.309942932018426,1.664730157231953,6.439271087138655,1.3509694473775655,0.3585588335610876,0.4471042015455902,P1:25021,27+28+31-57-95+127-RA+,DPT/27+28+31-57-95+127-RA+,6.439271087138655
103,P4:4567,20.82220994594734,1.2020999810545652,6.431718911042989,5.979240421496834,0.3081187822523535,4.533034156358962,P4:4567,314+334+337+158a-158b-R7-,56+16-/314+334+337+158a-158b-R7-,6.431718911042989
246,P5 gd:276,21.1649065571134,0.3243301474266502,6.426759891569137,4.828690172449344,0.2626911614882298,0.1663390930948355,P5 gd:276,8-27-28+RA-R7-,CD3 T/VD1/8-27-28+RA-R7-,6.426759891569137
256,P5 gd:376,25.672337094919303,0.0401753231074546,6.414427265540533,4.477494649281268,0.2337217582224253,0.1175979373671719,P5 gd:376,8-27-28+R5+R7-,CD3 T/VD1/8-27-28+R5+R7-,6.414427265540533
60,P2:8014,5.138552165295342,0.1963592523096021,6.395677740456366,4.887463487273703,0.022912585607993,0.4516463883655061,P2:8014,38-39+73-127-DR-RO-,CD8/38-39+73-127-DR-RO-,6.395677740456366
59,P2:8013,4.898317874787665,0.2094374783889438,6.38259076486711,4.879503569495824,0.0168584712912721,0.4238227615719324,P2:8013,25-38-39+73-127-DR-RO-,CD8/25-38-39+73-127-DR-RO-,6.38259076486711
120,P4:4647,20.525195308107715,1.358856556126525,6.37940596340037,5.315713038326993,0.3158566394844416,4.325161603948903,P4:4647,314+334+337+158b-R7-,56+16-/314+334+337+158b-R7-,6.37940596340037
4,P1:17208,2.769603671106593,0.1346267419969868,6.372570291766418,5.457182004997625,0.0234129838867244,0.3553959263914379,P1:17208,27+28-31-57+95-127-244+,DNT/27+28-31-57+95-127-244+,6.372570291766418
236,P4:779,17.751454523292733,6.366460076451014,0.2156389710895702,0.1480762114595545,0.2214345503921887,1.220179067517428,P4:779,CD2-334+337-158a+R7-,16+56-/CD2-334+337-158a+R7-,6.366460076451014
248,P5 gd:280,24.5026677527255,0.254052660496697,6.342778673693316,4.799542683777282,0.2478366834003176,0.0787153109416455,P5 gd:280,28+RA-R7-,CD3 T/VD1/28+RA-R7-,6.342778673693316
228,P4:5572,23.128906416365105,0.8660606308509561,6.339136246728129,4.062661502264044,0.0578010279574456,4.641002575829115,P4:5572,CD2+314+334+337+,56+16-/CD2+314+334+337+,6.339136246728129
8,P1:18602,2.845309230885542,0.1757206213675106,6.337637298751072,5.539166943974991,0.1026941172165061,0.3171390268565693,P1:18602,27+28-31-57+95-127-RA+,DNT/27+28-31-57+95-127-RA+,6.337637298751072
2,P1:16488,2.6677679316500598,0.1089948602455386,6.323000433778034,5.323911153699322,0.3068341031650733,0.095319069728664,P1:16488,27+28-57+95-127-,DNT/27+28-57+95-127-,6.323000433778034
11,P1:18620,2.024023298287848,0.0641405292431689,6.308066602496331,5.123369624277288,0.8585797466276087,0.0670022563807386,P1:18620,27+28-31+57+95-127-RA+,DNT/27+28-31+57+95-127-RA+,6.308066602496331
237,P4:806,18.05286612949373,6.306758377500813,0.2277889007253279,0.1389764100211533,0.1758414690582389,1.1728020021430974,P4:806,CD2-334+158a+R7-,16+56-/CD2-334+158a+R7-,6.306758377500813
1,P1:129,0.8274838075430768,1.0725408378901595,6.304754418230144,1.1181212434048753,0.1445951683359703,0.3416644548819312,P1:129,27+28+31-57-95+127-244+RA+,DPT/27+28+31-57-95+127-244+RA+,6.304754418230144
63,P3:272,0.5961473493395351,0.2315648801549392,6.274286131202368,3.5268068551899807,0.2171497460072473,0.9198307536967296,P3:272,161-PD1-R4+R6+R10+XR3-XR5+,CD4/Memory/161-PD1-R4+R6+R10+XR3-XR5+,6.274286131202368
79,P4:1476,17.53669293534359,6.258904837374373,0.2092080100034909,0.1371272187792166,0.2564695450951194,1.172332215810196,P4:1476,CD2-334+337-158a+,16+56-/CD2-334+337-158a+,6.258904837374373
5,P1:17211,2.7525552055838878,0.1359039181041093,6.249606185788493,5.373968172866064,0.0454801195357234,0.3479108459309906,P1:17211,27+31-57+95-127-244+,DNT/27+31-57+95-127-244+,6.249606185788493
3,P1:16491,3.074533254648311,0.0760729449696586,6.242423573376036,5.301156003918648,0.2725679299018747,0.1720427430804275,P1:16491,27+57+95-127-,DNT/27+57+95-127-,6.242423573376036
62,P3:2114,0.7629294192210999,0.2645749972541182,6.234565734599904,3.348126800179824,0.1658665744010933,0.9457627014706632,P3:2114,161-R4+R6+R10+XR3-XR5+,CD4/Memory/161-R4+R6+R10+XR3-XR5+,6.234565734599904
42,P1:21727,3.7925271021610665,0.1386420198690984,6.22711790133202,5.156240467470271,0.753210792017369,0.1849818401511846,P1:21727,27+28-31+57-95+244+RA-,DPT/27+28-31+57-95+244+RA-,6.22711790133202
44,P1:25653,0.8994647223793668,1.0636034793392906,6.212366518264206,1.079816262067254,0.1300368483767338,0.3235596401026005,P1:25653,27+28+31-57-127-244+RA+,DPT/27+28+31-57-127-244+RA+,6.212366518264206
