,feature_name,beta_0,beta_1,beta_2,beta_3,beta_4,beta_5
0,MFI:496,0.0,0.0,0.0,0.0,0.0,0.0
1,P1:1014,0.0,0.0,0.0,0.0,0.0,0.0
2,P1:1018,0.0,0.0,0.0,0.0,0.0,0.0
3,P1:1019,0.0,0.0,0.0,0.0,0.0,0.0
4,P1:1020,0.0,0.0,0.0,0.0,0.0,0.0
5,P1:1021,0.0,0.0,0.0,0.0,0.0,0.0
6,P1:1022,0.0,0.0,0.0,0.0,0.0,0.0
7,P1:1023,0.0,0.0,0.0,0.0,0.0,0.0
8,P1:1024,0.0,0.0,0.0,0.0,0.0,0.0
9,P1:14142,0.0,0.0,0.0,0.0,0.0,0.0
10,P1:14228,0.0,0.0,0.0,0.0,0.0,0.0
11,P1:20533,0.0,0.0,0.0,0.0,0.0,0.0
12,P1:21165,0.0,0.0,0.0,0.0,0.0,0.0
13,P1:21841,0.0,0.0,0.0,0.0,0.0,0.0
14,P1:644,0.0,0.0,0.0,0.0,0.0,0.0
15,P1:709,0.0,0.0,0.0,0.0,0.0,0.0
16,P1:7615,0.0,0.0,0.0,0.0,0.0,0.0
17,P2:1009,0.0,0.0,0.0,0.0,0.0,0.0
18,P2:1010,0.0,0.0,0.0,0.0,0.0,0.0
19,P2:1011,0.0,0.0,0.0,0.0,0.0,0.0
20,P2:1012,0.0,0.0,0.0,0.0,0.0,0.0
21,P2:1013,0.0,0.0,0.0,0.0,0.0,0.0
22,P2:1014,0.0,0.0,0.0,0.0,0.0,0.0
23,P2:1015,0.0,0.0,0.0,0.0,0.0,0.0
24,P2:1016,0.0,0.0,0.0,0.0,0.0,0.0
25,P2:1017,0.0,0.0,0.0,0.0,0.0,0.0
26,P2:1018,0.0,0.0,0.0,0.0,0.0,0.0
27,P2:1019,0.0,0.0,0.0,0.0,0.0,0.0
28,P2:1020,0.0,0.0,0.0,0.0,0.0,0.0
29,P2:1021,0.0,0.0,0.0,0.0,0.0,0.0
30,P2:1022,0.0,0.0,0.0,0.0,0.0,0.0
31,P2:1023,0.0,0.0,0.0,0.0,0.0,0.0
32,P2:1024,0.0,0.0,0.0,0.0,0.0,0.0
33,P2:15504,0.0,0.0,0.0,0.0,0.0,0.0
34,P2:15532,0.0,0.0,0.0,0.0,0.0,0.0
35,P2:17700,0.0,0.0,0.0,0.0,0.0,0.0
36,P2:19856,0.0,0.0,0.0,0.0,0.0,0.0
37,P2:21153,0.0,0.0,0.0,0.0,0.0,0.0
38,P2:21607,0.0,0.0,0.0,0.0,0.0,0.0
39,P2:21791,0.0,0.0,0.0,0.0,0.0,0.0
40,P2:21795,0.0,0.0,0.0,0.0,0.0,0.0
41,P2:21798,0.0,0.0,0.0,0.0,0.0,0.0
42,P2:21801,0.0,0.0,0.0,0.0,0.0,0.0
43,P2:21805,0.0,0.0,0.0,0.0,0.0,0.0
44,P2:21809,0.0,0.0,0.0,0.0,0.0,0.0
45,P2:21812,0.0,0.0,0.0,0.0,0.0,0.0
46,P2:21815,0.0,0.0,0.0,0.0,0.0,0.0
47,P2:21824,0.0,0.0,0.0,0.0,0.0,0.0
48,P2:21833,0.0,0.0,0.0,0.0,0.0,0.0
49,P2:21837,0.0,0.0,0.0,0.0,0.0,0.0
50,P2:21847,0.0,0.0,0.0,0.0,0.0,0.0
51,P2:22547,0.0,0.0,0.0,0.0,0.0,0.0
52,P2:23276,0.0,0.0,0.0,0.0,0.0,0.0
53,P2:23999,0.0,0.0,0.0,0.0,0.0,0.0
54,P2:24002,0.0,0.0,0.0,0.0,0.0,0.0
55,P2:24005,0.0,0.0,0.0,0.0,0.0,0.0
56,P2:25399,0.0,0.0,0.0,0.0,0.0,0.0
57,P2:26083,0.0,0.0,0.0,0.0,0.0,0.0
58,P2:267,0.0,0.0,0.0,0.0,0.0,0.0
59,P2:619,0.0,0.0,0.0,0.0,0.0,0.0
60,P2:700,0.0,0.0,0.0,0.0,0.0,0.0
61,P2:803,0.0,0.0,0.0,0.0,0.0,0.0
62,P2:880,0.0,0.0,0.0,0.0,0.0,0.0
63,P2:951,0.0,0.0,0.0,0.0,0.0,0.0
64,P2:955,0.0,0.0,0.0,0.0,0.0,0.0
65,P3:162,0.0,0.0,0.0,0.0,0.0,0.0
66,P3:331,0.0,0.0,0.0,0.0,0.0,0.0
67,P3:372,0.0,0.0,0.0,0.0,0.0,0.0
68,P3:426,0.0,0.0,0.0,0.0,0.0,0.0
69,P3:474,0.0,0.0,0.0,0.0,0.0,0.0
70,P3:481,0.0,0.0,0.0,0.0,0.0,0.0
71,P3:492,0.0,0.0,0.0,0.0,0.0,0.0
72,P3:498,0.0,0.0,0.0,0.0,0.0,0.0
73,P3:507,0.0,0.0,0.0,0.0,0.0,0.0
74,P3:508,0.0,0.0,0.0,0.0,0.0,0.0
75,P3:509,0.0,0.0,0.0,0.0,0.0,0.0
76,P3:510,0.0,0.0,0.0,0.0,0.0,0.0
77,P3:511,0.0,0.0,0.0,0.0,0.0,0.0
78,P3:512,0.0,0.0,0.0,0.0,0.0,0.0
79,P3:8275,0.0,0.0,0.0,0.0,0.0,0.0
80,P4:1031,0.0,0.0,0.0,0.0,0.0,0.0
81,P4:1034,0.0,0.0,0.0,0.0,0.0,0.0
82,P4:1036,0.0,0.0,0.0,0.0,0.0,0.0
83,P4:1037,0.0,0.0,0.0,0.0,0.0,0.0
84,P4:1038,0.0,0.0,0.0,0.0,0.0,0.0
85,P4:1045,0.0,0.0,0.0,0.0,0.0,0.0
86,P4:1104,0.0,0.0,0.0,0.0,0.0,0.0
87,P4:1105,0.0,0.0,0.0,0.0,0.0,0.0
88,P4:1106,0.0,0.0,0.0,0.0,0.0,0.0
89,P4:1113,0.0,0.0,0.0,0.0,0.0,0.0
90,P4:1122,0.0,0.0,0.0,0.0,0.0,0.0
91,P4:1185,0.0,0.0,0.0,0.0,0.0,0.0
92,P4:1194,0.0,0.0,0.0,0.0,0.0,0.0
93,P4:1203,0.0,0.0,0.0,0.0,0.0,0.0
94,P4:1266,0.0,0.0,0.0,0.0,0.0,0.0
95,P4:1269,0.0,0.0,0.0,0.0,0.0,0.0
96,P4:1272,0.0,0.0,0.0,0.0,0.0,0.0
97,P4:1273,0.0,0.0,0.0,0.0,0.0,0.0
98,P4:1274,0.0,0.0,0.0,0.0,0.0,0.0
99,P4:1275,0.0,0.0,0.0,0.0,0.0,0.0
100,P4:1284,0.0,0.0,0.0,0.0,0.0,0.0
101,P4:1285,0.0,0.0,0.0,0.0,0.0,0.0
102,P4:1286,0.0,0.0,0.0,0.0,0.0,0.0
103,P4:1347,0.0,0.0,0.0,0.0,0.0,0.0
104,P4:1348,0.0,0.0,0.0,0.0,0.0,0.0
105,P4:1349,0.0,0.0,0.0,0.0,0.0,0.0
106,P4:135,0.0,0.0,0.0,0.0,0.0,0.0
107,P4:1428,0.0,0.0,0.0,0.0,0.0,0.0
108,P4:1509,0.0,0.0,0.0,0.0,0.0,0.0
109,P4:1517,0.0,0.0,0.0,0.0,0.0,0.0
110,P4:1518,0.0,0.0,0.0,0.0,0.0,0.0
111,P4:1527,0.0,0.0,0.0,0.0,0.0,0.0
112,P4:1528,0.0,0.0,0.0,0.0,0.0,0.0
113,P4:1529,0.0,0.0,0.0,0.0,0.0,0.0
114,P4:1590,0.0,0.0,0.0,0.0,0.0,0.0
115,P4:1591,0.0,0.0,0.0,0.0,0.0,0.0
116,P4:1592,0.0,0.0,0.0,0.0,0.0,0.0
117,P4:1671,0.0,0.0,0.0,0.0,0.0,0.0
118,P4:1672,0.0,0.0,0.0,0.0,0.0,0.0
119,P4:1673,0.0,0.0,0.0,0.0,0.0,0.0
120,P4:1752,0.0,0.0,0.0,0.0,0.0,0.0
121,P4:1753,0.0,0.0,0.0,0.0,0.0,0.0
122,P4:1754,0.0,0.0,0.0,0.0,0.0,0.0
123,P4:1757,0.0,0.0,0.0,0.0,0.0,0.0
124,P4:1760,0.0,0.0,0.0,0.0,0.0,0.0
125,P4:1761,0.0,0.0,0.0,0.0,0.0,0.0
126,P4:1762,0.0,0.0,0.0,0.0,0.0,0.0
127,P4:1763,0.0,0.0,0.0,0.0,0.0,0.0
128,P4:1770,0.0,0.0,0.0,0.0,0.0,0.0
129,P4:1771,0.0,0.0,0.0,0.0,0.0,0.0
130,P4:1772,0.0,0.0,0.0,0.0,0.0,0.0
131,P4:181,0.0,0.0,0.0,0.0,0.0,0.0
132,P4:1818,0.0,0.0,0.0,0.0,0.0,0.0
133,P4:1825,0.0,0.0,0.0,0.0,0.0,0.0
134,P4:1826,0.0,0.0,0.0,0.0,0.0,0.0
135,P4:1827,0.0,0.0,0.0,0.0,0.0,0.0
136,P4:1828,0.0,0.0,0.0,0.0,0.0,0.0
137,P4:1829,0.0,0.0,0.0,0.0,0.0,0.0
138,P4:1830,0.0,0.0,0.0,0.0,0.0,0.0
139,P4:1831,0.0,0.0,0.0,0.0,0.0,0.0
140,P4:1832,0.0,0.0,0.0,0.0,0.0,0.0
141,P4:1833,0.0,0.0,0.0,0.0,0.0,0.0
142,P4:1836,0.0,0.0,0.0,0.0,0.0,0.0
143,P4:1839,0.0,0.0,0.0,0.0,0.0,0.0
144,P4:184,0.0,0.0,0.0,0.0,0.0,0.0
145,P4:1840,0.0,0.0,0.0,0.0,0.0,0.0
146,P4:1898,0.0,0.0,0.0,0.0,0.0,0.0
147,P4:1899,0.0,0.0,0.0,0.0,0.0,0.0
148,P4:1900,0.0,0.0,0.0,0.0,0.0,0.0
149,P4:1901,0.0,0.0,0.0,0.0,0.0,0.0
150,P4:1902,0.0,0.0,0.0,0.0,0.0,0.0
151,P4:1903,0.0,0.0,0.0,0.0,0.0,0.0
152,P4:1904,0.0,0.0,0.0,0.0,0.0,0.0
153,P4:1905,0.0,0.0,0.0,0.0,0.0,0.0
154,P4:1906,0.0,0.0,0.0,0.0,0.0,0.0
155,P4:1907,0.0,0.0,0.0,0.0,0.0,0.0
156,P4:1908,0.0,0.0,0.0,0.0,0.0,0.0
157,P4:1909,0.0,0.0,0.0,0.0,0.0,0.0
158,P4:1910,0.0,0.0,0.0,0.0,0.0,0.0
159,P4:1913,0.0,0.0,0.0,0.0,0.0,0.0
160,P4:1916,0.0,0.0,0.0,0.0,0.0,0.0
161,P4:1917,0.0,0.0,0.0,0.0,0.0,0.0
162,P4:1918,0.0,0.0,0.0,0.0,0.0,0.0
163,P4:1919,0.0,0.0,0.0,0.0,0.0,0.0
164,P4:1922,0.0,0.0,0.0,0.0,0.0,0.0
165,P4:1925,0.0,0.0,0.0,0.0,0.0,0.0
166,P4:1928,0.0,0.0,0.0,0.0,0.0,0.0
167,P4:1930,0.0,0.0,0.0,0.0,0.0,0.0
168,P4:1944,0.0,0.0,0.0,0.0,0.0,0.0
169,P4:1945,0.0,0.0,0.0,0.0,0.0,0.0
170,P4:1946,0.0,0.0,0.0,0.0,0.0,0.0
171,P4:1949,0.0,0.0,0.0,0.0,0.0,0.0
172,P4:1952,0.0,0.0,0.0,0.0,0.0,0.0
173,P4:1953,0.0,0.0,0.0,0.0,0.0,0.0
174,P4:1962,0.0,0.0,0.0,0.0,0.0,0.0
175,P4:1971,0.0,0.0,0.0,0.0,0.0,0.0
176,P4:1972,0.0,0.0,0.0,0.0,0.0,0.0
177,P4:1973,0.0,0.0,0.0,0.0,0.0,0.0
178,P4:1974,0.0,0.0,0.0,0.0,0.0,0.0
179,P4:1975,0.0,0.0,0.0,0.0,0.0,0.0
180,P4:1976,0.0,0.0,0.0,0.0,0.0,0.0
181,P4:1977,0.0,0.0,0.0,0.0,0.0,0.0
182,P4:1978,0.0,0.0,0.0,0.0,0.0,0.0
183,P4:1979,0.0,0.0,0.0,0.0,0.0,0.0
184,P4:198,0.0,0.0,0.0,0.0,0.0,0.0
185,P4:1980,0.0,0.0,0.0,0.0,0.0,0.0
186,P4:1981,0.0,0.0,0.0,0.0,0.0,0.0
187,P4:1982,0.0,0.0,0.0,0.0,0.0,0.0
188,P4:1983,0.0,0.0,0.0,0.0,0.0,0.0
189,P4:1984,0.0,0.0,0.0,0.0,0.0,0.0
190,P4:1985,0.0,0.0,0.0,0.0,0.0,0.0
191,P4:1986,0.0,0.0,0.0,0.0,0.0,0.0
192,P4:1987,0.0,0.0,0.0,0.0,0.0,0.0
193,P4:1988,0.0,0.0,0.0,0.0,0.0,0.0
194,P4:1989,0.0,0.0,0.0,0.0,0.0,0.0
195,P4:2044,0.0,0.0,0.0,0.0,0.0,0.0
196,P4:2045,0.0,0.0,0.0,0.0,0.0,0.0
197,P4:2046,0.0,0.0,0.0,0.0,0.0,0.0
198,P4:2047,0.0,0.0,0.0,0.0,0.0,0.0
199,P4:2050,0.0,0.0,0.0,0.0,0.0,0.0
200,P4:2053,0.0,0.0,0.0,0.0,0.0,0.0
201,P4:2054,0.0,0.0,0.0,0.0,0.0,0.0
202,P4:2055,0.0,0.0,0.0,0.0,0.0,0.0
203,P4:2056,0.0,0.0,0.0,0.0,0.0,0.0
204,P4:2059,0.0,0.0,0.0,0.0,0.0,0.0
205,P4:2062,0.0,0.0,0.0,0.0,0.0,0.0
206,P4:2063,0.0,0.0,0.0,0.0,0.0,0.0
207,P4:2064,0.0,0.0,0.0,0.0,0.0,0.0
208,P4:2065,0.0,0.0,0.0,0.0,0.0,0.0
209,P4:2068,0.0,0.0,0.0,0.0,0.0,0.0
210,P4:2125,0.0,0.0,0.0,0.0,0.0,0.0
211,P4:2126,0.0,0.0,0.0,0.0,0.0,0.0
212,P4:2127,0.0,0.0,0.0,0.0,0.0,0.0
213,P4:2128,0.0,0.0,0.0,0.0,0.0,0.0
214,P4:2131,0.0,0.0,0.0,0.0,0.0,0.0
215,P4:2134,0.0,0.0,0.0,0.0,0.0,0.0
216,P4:2135,0.0,0.0,0.0,0.0,0.0,0.0
217,P4:2136,0.0,0.0,0.0,0.0,0.0,0.0
218,P4:2137,0.0,0.0,0.0,0.0,0.0,0.0
219,P4:2140,0.0,0.0,0.0,0.0,0.0,0.0
220,P4:2143,0.0,0.0,0.0,0.0,0.0,0.0
221,P4:2144,0.0,0.0,0.0,0.0,0.0,0.0
222,P4:2145,0.0,0.0,0.0,0.0,0.0,0.0
223,P4:2146,0.0,0.0,0.0,0.0,0.0,0.0
224,P4:2149,0.0,0.0,0.0,0.0,0.0,0.0
225,P4:2152,0.0,0.0,0.0,0.0,0.0,0.0
226,P4:2153,0.0,0.0,0.0,0.0,0.0,0.0
227,P4:2154,0.0,0.0,0.0,0.0,0.0,0.0
228,P4:2157,0.0,0.0,0.0,0.0,0.0,0.0
229,P4:2160,0.0,0.0,0.0,0.0,0.0,0.0
230,P4:2179,0.0,0.0,0.0,0.0,0.0,0.0
231,P4:2180,0.0,0.0,0.0,0.0,0.0,0.0
232,P4:2181,0.0,0.0,0.0,0.0,0.0,0.0
233,P4:2184,0.0,0.0,0.0,0.0,0.0,0.0
234,P4:2187,0.0,0.0,0.0,0.0,0.0,0.0
235,P4:2206,0.0,0.0,0.0,0.0,0.0,0.0
236,P4:2207,0.0,0.0,0.0,0.0,0.0,0.0
237,P4:2208,0.0,0.0,0.0,0.0,0.0,0.0
238,P4:2209,0.0,0.0,0.0,0.0,0.0,0.0
239,P4:2210,0.0,0.0,0.0,0.0,0.0,0.0
240,P4:2211,0.0,0.0,0.0,0.0,0.0,0.0
241,P4:2212,0.0,0.0,0.0,0.0,0.0,0.0
242,P4:2213,0.0,0.0,0.0,0.0,0.0,0.0
243,P4:2214,0.0,0.0,0.0,0.0,0.0,0.0
244,P4:2215,0.0,0.0,0.0,0.0,0.0,0.0
245,P4:2216,0.0,0.0,0.0,0.0,0.0,0.0
246,P4:2217,0.0,0.0,0.0,0.0,0.0,0.0
247,P4:2218,0.0,0.0,0.0,0.0,0.0,0.0
248,P4:2219,0.0,0.0,0.0,0.0,0.0,0.0
249,P4:2220,0.0,0.0,0.0,0.0,0.0,0.0
250,P4:2221,0.0,0.0,0.0,0.0,0.0,0.0
251,P4:2222,0.0,0.0,0.0,0.0,0.0,0.0
252,P4:2223,0.0,0.0,0.0,0.0,0.0,0.0
253,P4:2224,0.0,0.0,0.0,0.0,0.0,0.0
254,P4:2225,0.0,0.0,0.0,0.0,0.0,0.0
255,P4:2226,0.0,0.0,0.0,0.0,0.0,0.0
256,P4:2227,0.0,0.0,0.0,0.0,0.0,0.0
257,P4:2228,0.0,0.0,0.0,0.0,0.0,0.0
258,P4:2229,0.0,0.0,0.0,0.0,0.0,0.0
259,P4:2230,0.0,0.0,0.0,0.0,0.0,0.0
260,P4:2231,0.0,0.0,0.0,0.0,0.0,0.0
261,P4:2232,0.0,0.0,0.0,0.0,0.0,0.0
262,P4:2270,0.0,0.0,0.0,0.0,0.0,0.0
263,P4:2279,0.0,0.0,0.0,0.0,0.0,0.0
264,P4:2280,0.0,0.0,0.0,0.0,0.0,0.0
265,P4:2284,0.0,0.0,0.0,0.0,0.0,0.0
266,P4:2285,0.0,0.0,0.0,0.0,0.0,0.0
267,P4:2286,0.0,0.0,0.0,0.0,0.0,0.0
268,P4:2287,0.0,0.0,0.0,0.0,0.0,0.0
269,P4:2290,0.0,0.0,0.0,0.0,0.0,0.0
270,P4:2293,0.0,0.0,0.0,0.0,0.0,0.0
271,P4:2294,0.0,0.0,0.0,0.0,0.0,0.0
272,P4:2295,0.0,0.0,0.0,0.0,0.0,0.0
273,P4:2296,0.0,0.0,0.0,0.0,0.0,0.0
274,P4:2297,0.0,0.0,0.0,0.0,0.0,0.0
275,P4:2352,0.0,0.0,0.0,0.0,0.0,0.0
276,P4:2353,0.0,0.0,0.0,0.0,0.0,0.0
277,P4:2354,0.0,0.0,0.0,0.0,0.0,0.0
278,P4:2355,0.0,0.0,0.0,0.0,0.0,0.0
279,P4:2358,0.0,0.0,0.0,0.0,0.0,0.0
280,P4:2361,0.0,0.0,0.0,0.0,0.0,0.0
281,P4:2362,0.0,0.0,0.0,0.0,0.0,0.0
282,P4:2363,0.0,0.0,0.0,0.0,0.0,0.0
283,P4:2364,0.0,0.0,0.0,0.0,0.0,0.0
284,P4:2367,0.0,0.0,0.0,0.0,0.0,0.0
285,P4:2370,0.0,0.0,0.0,0.0,0.0,0.0
286,P4:2371,0.0,0.0,0.0,0.0,0.0,0.0
287,P4:2372,0.0,0.0,0.0,0.0,0.0,0.0
288,P4:2373,0.0,0.0,0.0,0.0,0.0,0.0
289,P4:2374,0.0,0.0,0.0,0.0,0.0,0.0
290,P4:2375,0.0,0.0,0.0,0.0,0.0,0.0
291,P4:2376,0.0,0.0,0.0,0.0,0.0,0.0
292,P4:2377,0.0,0.0,0.0,0.0,0.0,0.0
293,P4:2378,0.0,0.0,0.0,0.0,0.0,0.0
294,P4:2379,0.0,0.0,0.0,0.0,0.0,0.0
295,P4:2382,0.0,0.0,0.0,0.0,0.0,0.0
296,P4:2386,0.0,0.0,0.0,0.0,0.0,0.0
297,P4:2398,0.0,0.0,0.0,0.0,0.0,0.0
298,P4:2399,0.0,0.0,0.0,0.0,0.0,0.0
299,P4:2400,0.0,0.0,0.0,0.0,0.0,0.0
300,P4:2403,0.0,0.0,0.0,0.0,0.0,0.0
301,P4:2406,0.0,0.0,0.0,0.0,0.0,0.0
302,P4:2409,0.0,0.0,0.0,0.0,0.0,0.0
303,P4:2418,0.0,0.0,0.0,0.0,0.0,0.0
304,P4:2422,0.0,0.0,0.0,0.0,0.0,0.0
305,P4:2425,0.0,0.0,0.0,0.0,0.0,0.0
306,P4:2426,0.0,0.0,0.0,0.0,0.0,0.0
307,P4:2427,0.0,0.0,0.0,0.0,0.0,0.0
308,P4:2428,0.0,0.0,0.0,0.0,0.0,0.0
309,P4:2429,0.0,0.0,0.0,0.0,0.0,0.0
310,P4:2430,0.0,0.0,0.0,0.0,0.0,0.0
311,P4:2431,0.0,0.0,0.0,0.0,0.0,0.0
312,P4:2432,0.0,0.0,0.0,0.0,0.0,0.0
313,P4:2433,0.0,0.0,0.0,0.0,0.0,0.0
314,P4:2434,0.0,0.0,0.0,0.0,0.0,0.0
315,P4:2435,0.0,0.0,0.0,0.0,0.0,0.0
316,P4:2436,0.0,0.0,0.0,0.0,0.0,0.0
317,P4:2437,0.0,0.0,0.0,0.0,0.0,0.0
318,P4:2438,0.0,0.0,0.0,0.0,0.0,0.0
319,P4:2439,0.0,0.0,0.0,0.0,0.0,0.0
320,P4:244,0.0,0.0,0.0,0.0,0.0,0.0
321,P4:2440,0.0,0.0,0.0,0.0,0.0,0.0
322,P4:2441,0.0,0.0,0.0,0.0,0.0,0.0
323,P4:2442,0.0,0.0,0.0,0.0,0.0,0.0
324,P4:2443,0.0,0.0,0.0,0.0,0.0,0.0
325,P4:250,0.0,0.0,0.0,0.0,0.0,0.0
326,P4:251,0.0,0.0,0.0,0.0,0.0,0.0
327,P4:253,0.0,0.0,0.0,0.0,0.0,0.0
328,P4:275,0.0,0.0,0.0,0.0,0.0,0.0
329,P4:278,0.0,0.0,0.0,0.0,0.0,0.0
330,P4:290,0.0,0.0,0.0,0.0,0.0,0.0
331,P4:292,0.0,0.0,0.0,0.0,0.0,0.0
332,P4:293,0.0,0.0,0.0,0.0,0.0,0.0
333,P4:294,0.0,0.0,0.0,0.0,0.0,0.0
334,P4:295,0.0,0.0,0.0,0.0,0.0,0.0
335,P4:296,0.0,0.0,0.0,0.0,0.0,0.0
336,P4:297,0.0,0.0,0.0,0.0,0.0,0.0
337,P4:298,0.0,0.0,0.0,0.0,0.0,0.0
338,P4:299,0.0,0.0,0.0,0.0,0.0,0.0
339,P4:300,0.0,0.0,0.0,0.0,0.0,0.0
340,P4:301,0.0,0.0,0.0,0.0,0.0,0.0
341,P4:302,0.0,0.0,0.0,0.0,0.0,0.0
342,P4:303,0.0,0.0,0.0,0.0,0.0,0.0
343,P4:304,0.0,0.0,0.0,0.0,0.0,0.0
344,P4:305,0.0,0.0,0.0,0.0,0.0,0.0
345,P4:306,0.0,0.0,0.0,0.0,0.0,0.0
346,P4:307,0.0,0.0,0.0,0.0,0.0,0.0
347,P4:308,0.0,0.0,0.0,0.0,0.0,0.0
348,P4:309,0.0,0.0,0.0,0.0,0.0,0.0
349,P4:310,0.0,0.0,0.0,0.0,0.0,0.0
350,P4:311,0.0,0.0,0.0,0.0,0.0,0.0
351,P4:312,0.0,0.0,0.0,0.0,0.0,0.0
352,P4:313,0.0,0.0,0.0,0.0,0.0,0.0
353,P4:314,0.0,0.0,0.0,0.0,0.0,0.0
354,P4:315,0.0,0.0,0.0,0.0,0.0,0.0
355,P4:316,0.0,0.0,0.0,0.0,0.0,0.0
356,P4:317,0.0,0.0,0.0,0.0,0.0,0.0
357,P4:318,0.0,0.0,0.0,0.0,0.0,0.0
358,P4:319,0.0,0.0,0.0,0.0,0.0,0.0
359,P4:320,0.0,0.0,0.0,0.0,0.0,0.0
360,P4:321,0.0,0.0,0.0,0.0,0.0,0.0
361,P4:322,0.0,0.0,0.0,0.0,0.0,0.0
362,P4:323,0.0,0.0,0.0,0.0,0.0,0.0
363,P4:324,0.0,0.0,0.0,0.0,0.0,0.0
364,P4:325,0.0,0.0,0.0,0.0,0.0,0.0
365,P4:326,0.0,0.0,0.0,0.0,0.0,0.0
366,P4:327,0.0,0.0,0.0,0.0,0.0,0.0
367,P4:328,0.0,0.0,0.0,0.0,0.0,0.0
368,P4:329,0.0,0.0,0.0,0.0,0.0,0.0
369,P4:330,0.0,0.0,0.0,0.0,0.0,0.0
370,P4:331,0.0,0.0,0.0,0.0,0.0,0.0
371,P4:332,0.0,0.0,0.0,0.0,0.0,0.0
372,P4:333,0.0,0.0,0.0,0.0,0.0,0.0
373,P4:334,0.0,0.0,0.0,0.0,0.0,0.0
374,P4:335,0.0,0.0,0.0,0.0,0.0,0.0
375,P4:336,0.0,0.0,0.0,0.0,0.0,0.0
376,P4:337,0.0,0.0,0.0,0.0,0.0,0.0
377,P4:338,0.0,0.0,0.0,0.0,0.0,0.0
378,P4:339,0.0,0.0,0.0,0.0,0.0,0.0
379,P4:340,0.0,0.0,0.0,0.0,0.0,0.0
380,P4:341,0.0,0.0,0.0,0.0,0.0,0.0
381,P4:342,0.0,0.0,0.0,0.0,0.0,0.0
382,P4:343,0.0,0.0,0.0,0.0,0.0,0.0
383,P4:344,0.0,0.0,0.0,0.0,0.0,0.0
384,P4:345,0.0,0.0,0.0,0.0,0.0,0.0
385,P4:346,0.0,0.0,0.0,0.0,0.0,0.0
386,P4:347,0.0,0.0,0.0,0.0,0.0,0.0
387,P4:348,0.0,0.0,0.0,0.0,0.0,0.0
388,P4:349,0.0,0.0,0.0,0.0,0.0,0.0
389,P4:350,0.0,0.0,0.0,0.0,0.0,0.0
390,P4:351,0.0,0.0,0.0,0.0,0.0,0.0
391,P4:352,0.0,0.0,0.0,0.0,0.0,0.0
392,P4:353,0.0,0.0,0.0,0.0,0.0,0.0
393,P4:354,0.0,0.0,0.0,0.0,0.0,0.0
394,P4:355,0.0,0.0,0.0,0.0,0.0,0.0
395,P4:356,0.0,0.0,0.0,0.0,0.0,0.0
396,P4:357,0.0,0.0,0.0,0.0,0.0,0.0
397,P4:358,0.0,0.0,0.0,0.0,0.0,0.0
398,P4:359,0.0,0.0,0.0,0.0,0.0,0.0
399,P4:360,0.0,0.0,0.0,0.0,0.0,0.0
400,P4:361,0.0,0.0,0.0,0.0,0.0,0.0
401,P4:362,0.0,0.0,0.0,0.0,0.0,0.0
402,P4:363,0.0,0.0,0.0,0.0,0.0,0.0
403,P4:364,0.0,0.0,0.0,0.0,0.0,0.0
404,P4:3649,0.0,0.0,0.0,0.0,0.0,0.0
405,P4:365,0.0,0.0,0.0,0.0,0.0,0.0
406,P4:366,0.0,0.0,0.0,0.0,0.0,0.0
407,P4:367,0.0,0.0,0.0,0.0,0.0,0.0
408,P4:368,0.0,0.0,0.0,0.0,0.0,0.0
409,P4:369,0.0,0.0,0.0,0.0,0.0,0.0
410,P4:370,0.0,0.0,0.0,0.0,0.0,0.0
411,P4:371,0.0,0.0,0.0,0.0,0.0,0.0
412,P4:372,0.0,0.0,0.0,0.0,0.0,0.0
413,P4:373,0.0,0.0,0.0,0.0,0.0,0.0
414,P4:374,0.0,0.0,0.0,0.0,0.0,0.0
415,P4:375,0.0,0.0,0.0,0.0,0.0,0.0
416,P4:376,0.0,0.0,0.0,0.0,0.0,0.0
417,P4:377,0.0,0.0,0.0,0.0,0.0,0.0
418,P4:378,0.0,0.0,0.0,0.0,0.0,0.0
419,P4:379,0.0,0.0,0.0,0.0,0.0,0.0
420,P4:380,0.0,0.0,0.0,0.0,0.0,0.0
421,P4:381,0.0,0.0,0.0,0.0,0.0,0.0
422,P4:382,0.0,0.0,0.0,0.0,0.0,0.0
423,P4:383,0.0,0.0,0.0,0.0,0.0,0.0
424,P4:384,0.0,0.0,0.0,0.0,0.0,0.0
425,P4:3898,0.0,0.0,0.0,0.0,0.0,0.0
426,P4:3975,0.0,0.0,0.0,0.0,0.0,0.0
427,P4:3976,0.0,0.0,0.0,0.0,0.0,0.0
428,P4:3977,0.0,0.0,0.0,0.0,0.0,0.0
429,P4:4030,0.0,0.0,0.0,0.0,0.0,0.0
430,P4:4031,0.0,0.0,0.0,0.0,0.0,0.0
431,P4:4032,0.0,0.0,0.0,0.0,0.0,0.0
432,P4:4033,0.0,0.0,0.0,0.0,0.0,0.0
433,P4:4034,0.0,0.0,0.0,0.0,0.0,0.0
434,P4:4035,0.0,0.0,0.0,0.0,0.0,0.0
435,P4:4036,0.0,0.0,0.0,0.0,0.0,0.0
436,P4:4037,0.0,0.0,0.0,0.0,0.0,0.0
437,P4:4040,0.0,0.0,0.0,0.0,0.0,0.0
438,P4:4043,0.0,0.0,0.0,0.0,0.0,0.0
439,P4:4044,0.0,0.0,0.0,0.0,0.0,0.0
440,P4:4047,0.0,0.0,0.0,0.0,0.0,0.0
441,P4:4121,0.0,0.0,0.0,0.0,0.0,0.0
442,P4:4202,0.0,0.0,0.0,0.0,0.0,0.0
443,P4:4265,0.0,0.0,0.0,0.0,0.0,0.0
444,P4:4266,0.0,0.0,0.0,0.0,0.0,0.0
445,P4:4267,0.0,0.0,0.0,0.0,0.0,0.0
446,P4:4268,0.0,0.0,0.0,0.0,0.0,0.0
447,P4:4271,0.0,0.0,0.0,0.0,0.0,0.0
448,P4:4274,0.0,0.0,0.0,0.0,0.0,0.0
449,P4:4275,0.0,0.0,0.0,0.0,0.0,0.0
450,P4:4276,0.0,0.0,0.0,0.0,0.0,0.0
451,P4:4283,0.0,0.0,0.0,0.0,0.0,0.0
452,P4:4284,0.0,0.0,0.0,0.0,0.0,0.0
453,P4:4285,0.0,0.0,0.0,0.0,0.0,0.0
454,P4:431,0.0,0.0,0.0,0.0,0.0,0.0
455,P4:4338,0.0,0.0,0.0,0.0,0.0,0.0
456,P4:4339,0.0,0.0,0.0,0.0,0.0,0.0
457,P4:4340,0.0,0.0,0.0,0.0,0.0,0.0
458,P4:4341,0.0,0.0,0.0,0.0,0.0,0.0
459,P4:4342,0.0,0.0,0.0,0.0,0.0,0.0
460,P4:4343,0.0,0.0,0.0,0.0,0.0,0.0
461,P4:436,0.0,0.0,0.0,0.0,0.0,0.0
462,P4:4411,0.0,0.0,0.0,0.0,0.0,0.0
463,P4:4412,0.0,0.0,0.0,0.0,0.0,0.0
464,P4:4413,0.0,0.0,0.0,0.0,0.0,0.0
465,P4:4414,0.0,0.0,0.0,0.0,0.0,0.0
466,P4:4417,0.0,0.0,0.0,0.0,0.0,0.0
467,P4:4420,0.0,0.0,0.0,0.0,0.0,0.0
468,P4:4429,0.0,0.0,0.0,0.0,0.0,0.0
469,P4:4484,0.0,0.0,0.0,0.0,0.0,0.0
470,P4:4485,0.0,0.0,0.0,0.0,0.0,0.0
471,P4:4489,0.0,0.0,0.0,0.0,0.0,0.0
472,P4:4490,0.0,0.0,0.0,0.0,0.0,0.0
473,P4:4491,0.0,0.0,0.0,0.0,0.0,0.0
474,P4:4498,0.0,0.0,0.0,0.0,0.0,0.0
475,P4:4695,0.0,0.0,0.0,0.0,0.0,0.0
476,P4:4700,0.0,0.0,0.0,0.0,0.0,0.0
477,P4:4701,0.0,0.0,0.0,0.0,0.0,0.0
478,P4:4702,0.0,0.0,0.0,0.0,0.0,0.0
479,P4:4709,0.0,0.0,0.0,0.0,0.0,0.0
480,P4:4930,0.0,0.0,0.0,0.0,0.0,0.0
481,P4:4931,0.0,0.0,0.0,0.0,0.0,0.0
482,P4:4932,0.0,0.0,0.0,0.0,0.0,0.0
483,P4:4939,0.0,0.0,0.0,0.0,0.0,0.0
484,P4:4940,0.0,0.0,0.0,0.0,0.0,0.0
485,P4:4941,0.0,0.0,0.0,0.0,0.0,0.0
486,P4:4948,0.0,0.0,0.0,0.0,0.0,0.0
487,P4:4949,0.0,0.0,0.0,0.0,0.0,0.0
488,P4:4950,0.0,0.0,0.0,0.0,0.0,0.0
489,P4:504,0.0,0.0,0.0,0.0,0.0,0.0
490,P4:5076,0.0,0.0,0.0,0.0,0.0,0.0
491,P4:513,0.0,0.0,0.0,0.0,0.0,0.0
492,P4:5149,0.0,0.0,0.0,0.0,0.0,0.0
493,P4:5154,0.0,0.0,0.0,0.0,0.0,0.0
494,P4:5155,0.0,0.0,0.0,0.0,0.0,0.0
495,P4:5156,0.0,0.0,0.0,0.0,0.0,0.0
496,P4:5163,0.0,0.0,0.0,0.0,0.0,0.0
497,P4:522,0.0,0.0,0.0,0.0,0.0,0.0
498,P4:5384,0.0,0.0,0.0,0.0,0.0,0.0
499,P4:5385,0.0,0.0,0.0,0.0,0.0,0.0
500,P4:5386,0.0,0.0,0.0,0.0,0.0,0.0
501,P4:5393,0.0,0.0,0.0,0.0,0.0,0.0
502,P4:5394,0.0,0.0,0.0,0.0,0.0,0.0
503,P4:5395,0.0,0.0,0.0,0.0,0.0,0.0
504,P4:5402,0.0,0.0,0.0,0.0,0.0,0.0
505,P4:5403,0.0,0.0,0.0,0.0,0.0,0.0
506,P4:5404,0.0,0.0,0.0,0.0,0.0,0.0
507,P4:5627,0.0,0.0,0.0,0.0,0.0,0.0
508,P4:5628,0.0,0.0,0.0,0.0,0.0,0.0
509,P4:5629,0.0,0.0,0.0,0.0,0.0,0.0
510,P4:5636,0.0,0.0,0.0,0.0,0.0,0.0
511,P4:5637,0.0,0.0,0.0,0.0,0.0,0.0
512,P4:5638,0.0,0.0,0.0,0.0,0.0,0.0
513,P4:5645,0.0,0.0,0.0,0.0,0.0,0.0
514,P4:5646,0.0,0.0,0.0,0.0,0.0,0.0
515,P4:5647,0.0,0.0,0.0,0.0,0.0,0.0
516,P4:5708,0.0,0.0,0.0,0.0,0.0,0.0
517,P4:578,0.0,0.0,0.0,0.0,0.0,0.0
518,P4:5789,0.0,0.0,0.0,0.0,0.0,0.0
519,P4:581,0.0,0.0,0.0,0.0,0.0,0.0
520,P4:582,0.0,0.0,0.0,0.0,0.0,0.0
521,P4:5870,0.0,0.0,0.0,0.0,0.0,0.0
522,P4:5871,0.0,0.0,0.0,0.0,0.0,0.0
523,P4:5872,0.0,0.0,0.0,0.0,0.0,0.0
524,P4:5879,0.0,0.0,0.0,0.0,0.0,0.0
525,P4:5880,0.0,0.0,0.0,0.0,0.0,0.0
526,P4:5881,0.0,0.0,0.0,0.0,0.0,0.0
527,P4:5888,0.0,0.0,0.0,0.0,0.0,0.0
528,P4:5889,0.0,0.0,0.0,0.0,0.0,0.0
529,P4:5890,0.0,0.0,0.0,0.0,0.0,0.0
530,P4:591,0.0,0.0,0.0,0.0,0.0,0.0
531,P4:6016,0.0,0.0,0.0,0.0,0.0,0.0
532,P4:6089,0.0,0.0,0.0,0.0,0.0,0.0
533,P4:6090,0.0,0.0,0.0,0.0,0.0,0.0
534,P4:6094,0.0,0.0,0.0,0.0,0.0,0.0
535,P4:6095,0.0,0.0,0.0,0.0,0.0,0.0
536,P4:6096,0.0,0.0,0.0,0.0,0.0,0.0
537,P4:6097,0.0,0.0,0.0,0.0,0.0,0.0
538,P4:6100,0.0,0.0,0.0,0.0,0.0,0.0
539,P4:6103,0.0,0.0,0.0,0.0,0.0,0.0
540,P4:6104,0.0,0.0,0.0,0.0,0.0,0.0
541,P4:6162,0.0,0.0,0.0,0.0,0.0,0.0
542,P4:6243,0.0,0.0,0.0,0.0,0.0,0.0
543,P4:6324,0.0,0.0,0.0,0.0,0.0,0.0
544,P4:6325,0.0,0.0,0.0,0.0,0.0,0.0
545,P4:6326,0.0,0.0,0.0,0.0,0.0,0.0
546,P4:6327,0.0,0.0,0.0,0.0,0.0,0.0
547,P4:6330,0.0,0.0,0.0,0.0,0.0,0.0
548,P4:6333,0.0,0.0,0.0,0.0,0.0,0.0
549,P4:6334,0.0,0.0,0.0,0.0,0.0,0.0
550,P4:6335,0.0,0.0,0.0,0.0,0.0,0.0
551,P4:6336,0.0,0.0,0.0,0.0,0.0,0.0
552,P4:6339,0.0,0.0,0.0,0.0,0.0,0.0
553,P4:6342,0.0,0.0,0.0,0.0,0.0,0.0
554,P4:6343,0.0,0.0,0.0,0.0,0.0,0.0
555,P4:6344,0.0,0.0,0.0,0.0,0.0,0.0
556,P4:6345,0.0,0.0,0.0,0.0,0.0,0.0
557,P4:6348,0.0,0.0,0.0,0.0,0.0,0.0
558,P4:6397,0.0,0.0,0.0,0.0,0.0,0.0
559,P4:6398,0.0,0.0,0.0,0.0,0.0,0.0
560,P4:6402,0.0,0.0,0.0,0.0,0.0,0.0
561,P4:6403,0.0,0.0,0.0,0.0,0.0,0.0
562,P4:6404,0.0,0.0,0.0,0.0,0.0,0.0
563,P4:6411,0.0,0.0,0.0,0.0,0.0,0.0
564,P4:6470,0.0,0.0,0.0,0.0,0.0,0.0
565,P4:6471,0.0,0.0,0.0,0.0,0.0,0.0
566,P4:6472,0.0,0.0,0.0,0.0,0.0,0.0
567,P4:6473,0.0,0.0,0.0,0.0,0.0,0.0
568,P4:6476,0.0,0.0,0.0,0.0,0.0,0.0
569,P4:6479,0.0,0.0,0.0,0.0,0.0,0.0
570,P4:6480,0.0,0.0,0.0,0.0,0.0,0.0
571,P4:6481,0.0,0.0,0.0,0.0,0.0,0.0
572,P4:6488,0.0,0.0,0.0,0.0,0.0,0.0
573,P4:6489,0.0,0.0,0.0,0.0,0.0,0.0
574,P4:6490,0.0,0.0,0.0,0.0,0.0,0.0
575,P4:650,0.0,0.0,0.0,0.0,0.0,0.0
576,P4:651,0.0,0.0,0.0,0.0,0.0,0.0
577,P4:652,0.0,0.0,0.0,0.0,0.0,0.0
578,P4:6543,0.0,0.0,0.0,0.0,0.0,0.0
579,P4:6544,0.0,0.0,0.0,0.0,0.0,0.0
580,P4:6545,0.0,0.0,0.0,0.0,0.0,0.0
581,P4:6546,0.0,0.0,0.0,0.0,0.0,0.0
582,P4:6547,0.0,0.0,0.0,0.0,0.0,0.0
583,P4:6548,0.0,0.0,0.0,0.0,0.0,0.0
584,P4:6549,0.0,0.0,0.0,0.0,0.0,0.0
585,P4:6550,0.0,0.0,0.0,0.0,0.0,0.0
586,P4:6551,0.0,0.0,0.0,0.0,0.0,0.0
587,P4:6554,0.0,0.0,0.0,0.0,0.0,0.0
588,P4:6557,0.0,0.0,0.0,0.0,0.0,0.0
589,P4:6558,0.0,0.0,0.0,0.0,0.0,0.0
590,P4:731,0.0,0.0,0.0,0.0,0.0,0.0
591,P4:812,0.0,0.0,0.0,0.0,0.0,0.0
592,P4:820,0.0,0.0,0.0,0.0,0.0,0.0
593,P4:821,0.0,0.0,0.0,0.0,0.0,0.0
594,P4:830,0.0,0.0,0.0,0.0,0.0,0.0
595,P4:831,0.0,0.0,0.0,0.0,0.0,0.0
596,P4:832,0.0,0.0,0.0,0.0,0.0,0.0
597,P4:885,0.0,0.0,0.0,0.0,0.0,0.0
598,P4:958,0.0,0.0,0.0,0.0,0.0,0.0
599,P4:959,0.0,0.0,0.0,0.0,0.0,0.0
600,P4:960,0.0,0.0,0.0,0.0,0.0,0.0
601,P7 Mono:213,0.0,0.0,0.0,0.0,0.0,0.0
602,P7 Mono:241,0.0,0.0,0.0,0.0,0.0,0.0
603,P7 Mono:254,0.0,0.0,0.0,0.0,0.0,0.0
604,P7 Mono:255,0.0,0.0,0.0,0.0,0.0,0.0
605,P7 Mono:256,0.0,0.0,0.0,0.0,0.0,0.0
606,P7 Mono:5040,0.0,0.0,0.0,0.0,0.0,0.0
607,P7 Mono:5118,0.0,0.0,0.0,0.0,0.0,0.0
608,P7 Mono:5834,0.0,0.0,0.0,0.0,0.0,0.0
